INSERT INTO public.auth_user (id, password, last_login, is_superuser, username, first_name, last_name, email, is_staff, is_active, date_joined) VALUES (1, 'pbkdf2_sha256$30000$aGWBe2gKWAJ2$9fuJaivLxu+U9V9lqcRcJ7tiJRJRfNX2GmeBoecar6U=', '2016-12-19 14:24:58.848000 +03:00', false, 'anna', '', '', '', false, true, '2016-12-17 21:06:50.000000 +03:00');
INSERT INTO public.auth_user (id, password, last_login, is_superuser, username, first_name, last_name, email, is_staff, is_active, date_joined) VALUES (2, 'pbkdf2_sha256$30000$wuHphH5v1Mps$Qrx2jhsTmIJU4LUcwypvhKUNRSIzFtOW0nEY4+8+vFI=', '2016-12-18 22:28:53.631000 +03:00', true, 'admin', '', '', 'example@ex.com', true, true, '2016-12-17 21:09:36.504000 +03:00');
INSERT INTO public.auth_user (id, password, last_login, is_superuser, username, first_name, last_name, email, is_staff, is_active, date_joined) VALUES (3, 'pbkdf2_sha256$30000$gtOBc970JBAR$QBff9xEQ596Ey/TjM19jaVBzbfP6HxNXsVPnwbL4gCc=', '2016-12-19 14:30:47.119000 +03:00', false, 'leo', '', '', '', false, true, '2016-12-19 14:30:47.015000 +03:00');
INSERT INTO public.auth_user (id, password, last_login, is_superuser, username, first_name, last_name, email, is_staff, is_active, date_joined) VALUES (4, 'pbkdf2_sha256$30000$kmdXe1rrdjhZ$ZdIr38guEuOR4OJD6UY3K/vV0mza4M6dWbKeUzNdrgo=', '2016-12-19 15:00:31.488000 +03:00', false, 'alex', '', '', '', false, true, '2016-12-19 15:00:00.444000 +03:00');INSERT INTO public.rcps_alternativeconsists (id, quantity, ingredient_id, ingredient_alternative_id) VALUES (13, '1', 1, 7);
INSERT INTO public.rcps_alternativeconsists (id, quantity, ingredient_id, ingredient_alternative_id) VALUES (14, '1', 3, 7);
INSERT INTO public.rcps_alternativeconsists (id, quantity, ingredient_id, ingredient_alternative_id) VALUES (15, '1', 1, 8);
INSERT INTO public.rcps_alternativeconsists (id, quantity, ingredient_id, ingredient_alternative_id) VALUES (16, '1', 4, 8);
INSERT INTO public.rcps_alternativeconsists (id, quantity, ingredient_id, ingredient_alternative_id) VALUES (1, '500 мл', 4, 1);
INSERT INTO public.rcps_alternativeconsists (id, quantity, ingredient_id, ingredient_alternative_id) VALUES (2, '50 гр', 27, 1);
INSERT INTO public.rcps_alternativeconsists (id, quantity, ingredient_id, ingredient_alternative_id) VALUES (3, '70 гр', 42, 2);
INSERT INTO public.rcps_alternativeconsists (id, quantity, ingredient_id, ingredient_alternative_id) VALUES (4, '70', 43, 3);
INSERT INTO public.rcps_alternativeconsists (id, quantity, ingredient_id, ingredient_alternative_id) VALUES (5, '500 мл', 5, 4);
INSERT INTO public.rcps_alternativeconsists (id, quantity, ingredient_id, ingredient_alternative_id) VALUES (6, '400 мл', 14, 4);
INSERT INTO public.rcps_alternativeconsists (id, quantity, ingredient_id, ingredient_alternative_id) VALUES (7, '3 ч. ложки', 48, 5);
INSERT INTO public.rcps_alternativeconsists (id, quantity, ingredient_id, ingredient_alternative_id) VALUES (8, '50 мл', 5, 6);INSERT INTO public.rcps_comment (id, comment_text, comment_date, comment_author_id, comment_recipe_id) VALUES (1, 'еще с макаронами вместо картошки вкусно', '2016-12-19 14:26:01.223000 +03:00', 1, 7);
INSERT INTO public.rcps_comment (id, comment_text, comment_date, comment_author_id, comment_recipe_id) VALUES (2, '<span style="background-color: rgb(255, 0, 0);">но это уже не картошка с мясом, а макароны с мясом</span>', '2016-12-19 14:26:53.661000 +03:00', 1, 7);
INSERT INTO public.rcps_comment (id, comment_text, comment_date, comment_author_id, comment_recipe_id) VALUES (3, 'какой-то скучный рецепт', '2016-12-19 14:27:56.433000 +03:00', 1, 2);
INSERT INTO public.rcps_comment (id, comment_text, comment_date, comment_author_id, comment_recipe_id) VALUES (4, 'отличная идея!', '2016-12-19 14:28:53.066000 +03:00', 1, 4);
INSERT INTO public.rcps_comment (id, comment_text, comment_date, comment_author_id, comment_recipe_id) VALUES (5, 'вкусно', '2016-12-19 14:58:59.650000 +03:00', 3, 5);
INSERT INTO public.rcps_comment (id, comment_text, comment_date, comment_author_id, comment_recipe_id) VALUES (6, 'надо попробовать', '2016-12-19 14:59:16.849000 +03:00', 3, 4);
INSERT INTO public.rcps_comment (id, comment_text, comment_date, comment_author_id, comment_recipe_id) VALUES (7, 'cсоглашусь', '2016-12-19 15:01:46.742000 +03:00', 4, 4);INSERT INTO public.rcps_consist (id, quantity, ingredient_id, recipe_id) VALUES (5, '1', 2, 4);
INSERT INTO public.rcps_consist (id, quantity, ingredient_id, recipe_id) VALUES (8, '1', 5, 5);
INSERT INTO public.rcps_consist (id, quantity, ingredient_id, recipe_id) VALUES (1, 'полторы чайные ложки', 12, 1);
INSERT INTO public.rcps_consist (id, quantity, ingredient_id, recipe_id) VALUES (2, '200 мл', 14, 1);
INSERT INTO public.rcps_consist (id, quantity, ingredient_id, recipe_id) VALUES (3, '2 чайные ложки', 50, 1);
INSERT INTO public.rcps_consist (id, quantity, ingredient_id, recipe_id) VALUES (4, 'чайная ложка', 15, 1);
INSERT INTO public.rcps_consist (id, quantity, ingredient_id, recipe_id) VALUES (6, '2 шт', 6, 2);
INSERT INTO public.rcps_consist (id, quantity, ingredient_id, recipe_id) VALUES (7, '4 шт', 13, 2);
INSERT INTO public.rcps_consist (id, quantity, ingredient_id, recipe_id) VALUES (10, '2 столовых ложки', 19, 2);
INSERT INTO public.rcps_consist (id, quantity, ingredient_id, recipe_id) VALUES (11, '100 г', 10, 3);
INSERT INTO public.rcps_consist (id, quantity, ingredient_id, recipe_id) VALUES (12, '0.5 л', 4, 3);
INSERT INTO public.rcps_consist (id, quantity, ingredient_id, recipe_id) VALUES (13, '0.2 л', 14, 3);
INSERT INTO public.rcps_consist (id, quantity, ingredient_id, recipe_id) VALUES (14, '20 г', 20, 3);
INSERT INTO public.rcps_consist (id, quantity, ingredient_id, recipe_id) VALUES (15, '1 ст. ложка', 15, 3);
INSERT INTO public.rcps_consist (id, quantity, ingredient_id, recipe_id) VALUES (16, 'щепотка', 17, 3);
INSERT INTO public.rcps_consist (id, quantity, ingredient_id, recipe_id) VALUES (17, '4шт', 13, 4);
INSERT INTO public.rcps_consist (id, quantity, ingredient_id, recipe_id) VALUES (18, '70 гр', 21, 4);
INSERT INTO public.rcps_consist (id, quantity, ingredient_id, recipe_id) VALUES (19, '1 шт', 6, 4);
INSERT INTO public.rcps_consist (id, quantity, ingredient_id, recipe_id) VALUES (20, '150 гр', 22, 4);
INSERT INTO public.rcps_consist (id, quantity, ingredient_id, recipe_id) VALUES (21, '5 шт', 23, 5);
INSERT INTO public.rcps_consist (id, quantity, ingredient_id, recipe_id) VALUES (22, '400 гр', 24, 5);
INSERT INTO public.rcps_consist (id, quantity, ingredient_id, recipe_id) VALUES (23, '2 шт', 25, 5);
INSERT INTO public.rcps_consist (id, quantity, ingredient_id, recipe_id) VALUES (24, '500 мл', 26, 5);
INSERT INTO public.rcps_consist (id, quantity, ingredient_id, recipe_id) VALUES (25, '4 шт', 25, 6);
INSERT INTO public.rcps_consist (id, quantity, ingredient_id, recipe_id) VALUES (26, '100 гр', 20, 6);
INSERT INTO public.rcps_consist (id, quantity, ingredient_id, recipe_id) VALUES (27, '200 мл', 28, 6);
INSERT INTO public.rcps_consist (id, quantity, ingredient_id, recipe_id) VALUES (28, '400 мл', 29, 6);
INSERT INTO public.rcps_consist (id, quantity, ingredient_id, recipe_id) VALUES (29, '1 веточка', 30, 6);
INSERT INTO public.rcps_consist (id, quantity, ingredient_id, recipe_id) VALUES (30, '2 шт', 31, 6);
INSERT INTO public.rcps_consist (id, quantity, ingredient_id, recipe_id) VALUES (31, '0.5 шт', 32, 6);
INSERT INTO public.rcps_consist (id, quantity, ingredient_id, recipe_id) VALUES (32, '50 гр', 33, 6);
INSERT INTO public.rcps_consist (id, quantity, ingredient_id, recipe_id) VALUES (33, '100 гр', 34, 6);
INSERT INTO public.rcps_consist (id, quantity, ingredient_id, recipe_id) VALUES (34, '5-7 шт', 23, 7);
INSERT INTO public.rcps_consist (id, quantity, ingredient_id, recipe_id) VALUES (35, '2 шт', 25, 7);
INSERT INTO public.rcps_consist (id, quantity, ingredient_id, recipe_id) VALUES (36, '2 банки', 35, 7);
INSERT INTO public.rcps_consist (id, quantity, ingredient_id, recipe_id) VALUES (37, '3 ст ложки', 36, 7);
INSERT INTO public.rcps_consist (id, quantity, ingredient_id, recipe_id) VALUES (38, '50 мл', 19, 7);
INSERT INTO public.rcps_consist (id, quantity, ingredient_id, recipe_id) VALUES (39, '4 зубчика', 37, 7);
INSERT INTO public.rcps_consist (id, quantity, ingredient_id, recipe_id) VALUES (40, '2 шт', 31, 7);
INSERT INTO public.rcps_consist (id, quantity, ingredient_id, recipe_id) VALUES (41, '1 пачка', 38, 8);
INSERT INTO public.rcps_consist (id, quantity, ingredient_id, recipe_id) VALUES (42, '4 ст ложки', 11, 8);
INSERT INTO public.rcps_consist (id, quantity, ingredient_id, recipe_id) VALUES (43, '4 ст ложки', 20, 8);
INSERT INTO public.rcps_consist (id, quantity, ingredient_id, recipe_id) VALUES (44, '300 гр', 22, 8);
INSERT INTO public.rcps_consist (id, quantity, ingredient_id, recipe_id) VALUES (45, '1 л', 4, 8);
INSERT INTO public.rcps_consist (id, quantity, ingredient_id, recipe_id) VALUES (46, '4 шт', 3, 9);
INSERT INTO public.rcps_consist (id, quantity, ingredient_id, recipe_id) VALUES (47, '200 гр', 20, 9);
INSERT INTO public.rcps_consist (id, quantity, ingredient_id, recipe_id) VALUES (48, '80 гр', 39, 9);
INSERT INTO public.rcps_consist (id, quantity, ingredient_id, recipe_id) VALUES (49, '200 гр', 11, 9);
INSERT INTO public.rcps_consist (id, quantity, ingredient_id, recipe_id) VALUES (50, '3 шт', 13, 9);
INSERT INTO public.rcps_consist (id, quantity, ingredient_id, recipe_id) VALUES (51, '1-2 л', 19, 9);
INSERT INTO public.rcps_consist (id, quantity, ingredient_id, recipe_id) VALUES (52, '200 гр', 40, 9);
INSERT INTO public.rcps_consist (id, quantity, ingredient_id, recipe_id) VALUES (53, '2 шт', 41, 4);
INSERT INTO public.rcps_consist (id, quantity, ingredient_id, recipe_id) VALUES (54, 'щепотка', 17, 10);
INSERT INTO public.rcps_consist (id, quantity, ingredient_id, recipe_id) VALUES (55, 'по вкусу', 18, 10);
INSERT INTO public.rcps_consist (id, quantity, ingredient_id, recipe_id) VALUES (56, '2 ст. ложки', 11, 10);
INSERT INTO public.rcps_consist (id, quantity, ingredient_id, recipe_id) VALUES (57, 'по вкусу', 44, 10);
INSERT INTO public.rcps_consist (id, quantity, ingredient_id, recipe_id) VALUES (58, '100 гр', 20, 10);
INSERT INTO public.rcps_consist (id, quantity, ingredient_id, recipe_id) VALUES (59, '1 л', 4, 10);
INSERT INTO public.rcps_consist (id, quantity, ingredient_id, recipe_id) VALUES (60, '2 отбивных', 45, 11);
INSERT INTO public.rcps_consist (id, quantity, ingredient_id, recipe_id) VALUES (61, '50 мл', 46, 11);
INSERT INTO public.rcps_consist (id, quantity, ingredient_id, recipe_id) VALUES (62, 'чайная ложка', 47, 11);
INSERT INTO public.rcps_consist (id, quantity, ingredient_id, recipe_id) VALUES (63, '3 зубчика', 37, 11);
INSERT INTO public.rcps_consist (id, quantity, ingredient_id, recipe_id) VALUES (64, '1 шт', 49, 12);
INSERT INTO public.rcps_consist (id, quantity, ingredient_id, recipe_id) VALUES (65, '30 мл', 46, 12);
INSERT INTO public.rcps_consist (id, quantity, ingredient_id, recipe_id) VALUES (66, 'примерно 500 мл', 4, 13);
INSERT INTO public.rcps_consist (id, quantity, ingredient_id, recipe_id) VALUES (67, 'щепотка', 17, 13);
INSERT INTO public.rcps_consist (id, quantity, ingredient_id, recipe_id) VALUES (68, '3 ст ложки', 15, 13);
INSERT INTO public.rcps_consist (id, quantity, ingredient_id, recipe_id) VALUES (69, '50 мл', 19, 13);
INSERT INTO public.rcps_consist (id, quantity, ingredient_id, recipe_id) VALUES (70, '2 шт', 13, 13);
INSERT INTO public.rcps_consist (id, quantity, ingredient_id, recipe_id) VALUES (71, 'примерно 200 гр', 11, 13);INSERT INTO public.rcps_equipment_alternatives (id, from_equipment_id, to_equipment_id) VALUES (1, 2, 1);
INSERT INTO public.rcps_equipment_alternatives (id, from_equipment_id, to_equipment_id) VALUES (2, 1, 2);
INSERT INTO public.rcps_equipment_alternatives (id, from_equipment_id, to_equipment_id) VALUES (3, 5, 15);
INSERT INTO public.rcps_equipment_alternatives (id, from_equipment_id, to_equipment_id) VALUES (4, 15, 5);
INSERT INTO public.rcps_equipment_alternatives (id, from_equipment_id, to_equipment_id) VALUES (5, 6, 21);
INSERT INTO public.rcps_equipment_alternatives (id, from_equipment_id, to_equipment_id) VALUES (6, 21, 6);
INSERT INTO public.rcps_equipment_alternatives (id, from_equipment_id, to_equipment_id) VALUES (7, 7, 8);
INSERT INTO public.rcps_equipment_alternatives (id, from_equipment_id, to_equipment_id) VALUES (8, 7, 10);
INSERT INTO public.rcps_equipment_alternatives (id, from_equipment_id, to_equipment_id) VALUES (9, 8, 7);
INSERT INTO public.rcps_equipment_alternatives (id, from_equipment_id, to_equipment_id) VALUES (10, 10, 7);
INSERT INTO public.rcps_equipment_alternatives (id, from_equipment_id, to_equipment_id) VALUES (11, 8, 10);
INSERT INTO public.rcps_equipment_alternatives (id, from_equipment_id, to_equipment_id) VALUES (12, 10, 8);
INSERT INTO public.rcps_equipment_alternatives (id, from_equipment_id, to_equipment_id) VALUES (13, 12, 13);
INSERT INTO public.rcps_equipment_alternatives (id, from_equipment_id, to_equipment_id) VALUES (14, 13, 12);
INSERT INTO public.rcps_equipment_alternatives (id, from_equipment_id, to_equipment_id) VALUES (15, 13, 25);
INSERT INTO public.rcps_equipment_alternatives (id, from_equipment_id, to_equipment_id) VALUES (16, 25, 13);
INSERT INTO public.rcps_equipment_alternatives (id, from_equipment_id, to_equipment_id) VALUES (17, 16, 17);
INSERT INTO public.rcps_equipment_alternatives (id, from_equipment_id, to_equipment_id) VALUES (18, 17, 16);
INSERT INTO public.rcps_equipment_alternatives (id, from_equipment_id, to_equipment_id) VALUES (19, 18, 20);
INSERT INTO public.rcps_equipment_alternatives (id, from_equipment_id, to_equipment_id) VALUES (20, 20, 18);INSERT INTO public.rcps_equipmentcategory (id, ecategory_name) VALUES (1, 'посуда');
INSERT INTO public.rcps_equipmentcategory (id, ecategory_name) VALUES (2, 'для жарки');
INSERT INTO public.rcps_equipmentcategory (id, ecategory_name) VALUES (3, 'для варки');
INSERT INTO public.rcps_equipmentcategory (id, ecategory_name) VALUES (4, 'для духовки');
INSERT INTO public.rcps_equipmentcategory (id, ecategory_name) VALUES (5, 'бытовая техника');INSERT INTO public.rcps_equipment (id, equipment_name, equipment_category_id) VALUES (1, 'железная кружка', 1);
INSERT INTO public.rcps_equipment (id, equipment_name, equipment_category_id) VALUES (2, 'турка', 1);
INSERT INTO public.rcps_equipment (id, equipment_name, equipment_category_id) VALUES (3, 'противень', 4);
INSERT INTO public.rcps_equipment (id, equipment_name, equipment_category_id) VALUES (4, 'нож', 1);
INSERT INTO public.rcps_equipment (id, equipment_name, equipment_category_id) VALUES (5, 'ложка', 1);
INSERT INTO public.rcps_equipment (id, equipment_name, equipment_category_id) VALUES (6, 'кастрюля', 3);
INSERT INTO public.rcps_equipment (id, equipment_name, equipment_category_id) VALUES (7, 'сковорода', 2);
INSERT INTO public.rcps_equipment (id, equipment_name, equipment_category_id) VALUES (8, 'вок', 2);
INSERT INTO public.rcps_equipment (id, equipment_name, equipment_category_id) VALUES (9, 'микроволновка', 5);
INSERT INTO public.rcps_equipment (id, equipment_name, equipment_category_id) VALUES (10, 'утятница', 2);
INSERT INTO public.rcps_equipment (id, equipment_name, equipment_category_id) VALUES (11, 'сотейник', 3);
INSERT INTO public.rcps_equipment (id, equipment_name, equipment_category_id) VALUES (12, 'вилка', 1);
INSERT INTO public.rcps_equipment (id, equipment_name, equipment_category_id) VALUES (13, 'венчик', 1);
INSERT INTO public.rcps_equipment (id, equipment_name, equipment_category_id) VALUES (14, 'терка', 1);
INSERT INTO public.rcps_equipment (id, equipment_name, equipment_category_id) VALUES (15, 'чайная ложка', 1);
INSERT INTO public.rcps_equipment (id, equipment_name, equipment_category_id) VALUES (16, 'отбивной молоток', 1);
INSERT INTO public.rcps_equipment (id, equipment_name, equipment_category_id) VALUES (17, 'скалка', 1);
INSERT INTO public.rcps_equipment (id, equipment_name, equipment_category_id) VALUES (18, 'лопатка', 1);
INSERT INTO public.rcps_equipment (id, equipment_name, equipment_category_id) VALUES (19, 'тарелка', 1);
INSERT INTO public.rcps_equipment (id, equipment_name, equipment_category_id) VALUES (20, 'кулинарные щипцы', 1);
INSERT INTO public.rcps_equipment (id, equipment_name, equipment_category_id) VALUES (21, 'миска', 1);
INSERT INTO public.rcps_equipment (id, equipment_name, equipment_category_id) VALUES (22, 'половник', 1);
INSERT INTO public.rcps_equipment (id, equipment_name, equipment_category_id) VALUES (23, 'блинная сковорода', 2);
INSERT INTO public.rcps_equipment (id, equipment_name, equipment_category_id) VALUES (24, 'сито', 1);
INSERT INTO public.rcps_equipment (id, equipment_name, equipment_category_id) VALUES (25, 'миксер', 5);INSERT INTO public.rcps_grade (id, grade_stars, grade_favorite, grade_recipe_id, grader_id) VALUES (1, 4, true, 1, 1);
INSERT INTO public.rcps_grade (id, grade_stars, grade_favorite, grade_recipe_id, grader_id) VALUES (2, 1, false, 2, 1);
INSERT INTO public.rcps_grade (id, grade_stars, grade_favorite, grade_recipe_id, grader_id) VALUES (3, 4, true, 9, 1);
INSERT INTO public.rcps_grade (id, grade_stars, grade_favorite, grade_recipe_id, grader_id) VALUES (4, 5, true, 7, 1);
INSERT INTO public.rcps_grade (id, grade_stars, grade_favorite, grade_recipe_id, grader_id) VALUES (5, 2, false, 11, 1);
INSERT INTO public.rcps_grade (id, grade_stars, grade_favorite, grade_recipe_id, grader_id) VALUES (6, 4, false, 12, 1);
INSERT INTO public.rcps_grade (id, grade_stars, grade_favorite, grade_recipe_id, grader_id) VALUES (7, 2, false, 8, 1);
INSERT INTO public.rcps_grade (id, grade_stars, grade_favorite, grade_recipe_id, grader_id) VALUES (8, 3, false, 3, 1);
INSERT INTO public.rcps_grade (id, grade_stars, grade_favorite, grade_recipe_id, grader_id) VALUES (9, 5, true, 4, 1);
INSERT INTO public.rcps_grade (id, grade_stars, grade_favorite, grade_recipe_id, grader_id) VALUES (10, 4, false, 5, 1);
INSERT INTO public.rcps_grade (id, grade_stars, grade_favorite, grade_recipe_id, grader_id) VALUES (11, 5, false, 6, 1);
INSERT INTO public.rcps_grade (id, grade_stars, grade_favorite, grade_recipe_id, grader_id) VALUES (12, 4, false, 8, 3);
INSERT INTO public.rcps_grade (id, grade_stars, grade_favorite, grade_recipe_id, grader_id) VALUES (13, 4, false, 10, 3);
INSERT INTO public.rcps_grade (id, grade_stars, grade_favorite, grade_recipe_id, grader_id) VALUES (14, 5, false, 11, 3);
INSERT INTO public.rcps_grade (id, grade_stars, grade_favorite, grade_recipe_id, grader_id) VALUES (15, 4, false, 2, 3);
INSERT INTO public.rcps_grade (id, grade_stars, grade_favorite, grade_recipe_id, grader_id) VALUES (16, null, true, 5, 3);
INSERT INTO public.rcps_grade (id, grade_stars, grade_favorite, grade_recipe_id, grader_id) VALUES (17, 4, false, 7, 4);
INSERT INTO public.rcps_grade (id, grade_stars, grade_favorite, grade_recipe_id, grader_id) VALUES (18, 3, true, 4, 4);
INSERT INTO public.rcps_grade (id, grade_stars, grade_favorite, grade_recipe_id, grader_id) VALUES (19, 4, false, 6, 4);
INSERT INTO public.rcps_grade (id, grade_stars, grade_favorite, grade_recipe_id, grader_id) VALUES (20, 5, false, 1, 4);
INSERT INTO public.rcps_grade (id, grade_stars, grade_favorite, grade_recipe_id, grader_id) VALUES (21, 3, false, 5, 4);
INSERT INTO public.rcps_grade (id, grade_stars, grade_favorite, grade_recipe_id, grader_id) VALUES (22, 2, false, 10, 4);
INSERT INTO public.rcps_grade (id, grade_stars, grade_favorite, grade_recipe_id, grader_id) VALUES (23, 5, true, 9, 4);
INSERT INTO public.rcps_grade (id, grade_stars, grade_favorite, grade_recipe_id, grader_id) VALUES (24, 5, true, 12, 4);
INSERT INTO public.rcps_grade (id, grade_stars, grade_favorite, grade_recipe_id, grader_id) VALUES (25, 2, false, 11, 4);
INSERT INTO public.rcps_grade (id, grade_stars, grade_favorite, grade_recipe_id, grader_id) VALUES (26, 1, false, 8, 4);
INSERT INTO public.rcps_grade (id, grade_stars, grade_favorite, grade_recipe_id, grader_id) VALUES (27, 2, false, 3, 4);
INSERT INTO public.rcps_grade (id, grade_stars, grade_favorite, grade_recipe_id, grader_id) VALUES (28, 4, false, 2, 4);
INSERT INTO public.rcps_grade (id, grade_stars, grade_favorite, grade_recipe_id, grader_id) VALUES (29, 4, true, 13, 4);INSERT INTO public.rcps_ingredientalternative (id) VALUES (7);
INSERT INTO public.rcps_ingredientalternative (id) VALUES (8);
INSERT INTO public.rcps_ingredientalternative (id) VALUES (1);
INSERT INTO public.rcps_ingredientalternative (id) VALUES (2);
INSERT INTO public.rcps_ingredientalternative (id) VALUES (3);
INSERT INTO public.rcps_ingredientalternative (id) VALUES (4);
INSERT INTO public.rcps_ingredientalternative (id) VALUES (5);
INSERT INTO public.rcps_ingredientalternative (id) VALUES (6);INSERT INTO public.rcps_ingredientcategory (id, icategory_name) VALUES (1, 'мясо');
INSERT INTO public.rcps_ingredientcategory (id, icategory_name) VALUES (2, 'птица');
INSERT INTO public.rcps_ingredientcategory (id, icategory_name) VALUES (3, 'молочные продукты');
INSERT INTO public.rcps_ingredientcategory (id, icategory_name) VALUES (4, 'овощи');
INSERT INTO public.rcps_ingredientcategory (id, icategory_name) VALUES (5, 'фрукты');
INSERT INTO public.rcps_ingredientcategory (id, icategory_name) VALUES (6, 'зерновые продукты');
INSERT INTO public.rcps_ingredientcategory (id, icategory_name) VALUES (7, 'рыба');
INSERT INTO public.rcps_ingredientcategory (id, icategory_name) VALUES (8, 'грибы');
INSERT INTO public.rcps_ingredientcategory (id, icategory_name) VALUES (9, 'ягоды');
INSERT INTO public.rcps_ingredientcategory (id, icategory_name) VALUES (10, 'яичные продукты');
INSERT INTO public.rcps_ingredientcategory (id, icategory_name) VALUES (11, 'жидкости');
INSERT INTO public.rcps_ingredientcategory (id, icategory_name) VALUES (12, 'вкусовые добавки');
INSERT INTO public.rcps_ingredientcategory (id, icategory_name) VALUES (13, 'пряности');
INSERT INTO public.rcps_ingredientcategory (id, icategory_name) VALUES (14, 'колбасы');
INSERT INTO public.rcps_ingredientcategory (id, icategory_name) VALUES (15, 'алкоголь');
INSERT INTO public.rcps_ingredientcategory (id, icategory_name) VALUES (16, 'хлебные изделия');
INSERT INTO public.rcps_ingredientcategory (id, icategory_name) VALUES (17, 'зелень');
INSERT INTO public.rcps_ingredientcategory (id, icategory_name) VALUES (18, 'масло');INSERT INTO public.rcps_ingredientreplacement (id, alternative_id, ingredient_entry_id, alternative_quality) VALUES (1, 1, 24, 9);
INSERT INTO public.rcps_ingredientreplacement (id, alternative_id, ingredient_entry_id, alternative_quality) VALUES (2, 2, 18, 10);
INSERT INTO public.rcps_ingredientreplacement (id, alternative_id, ingredient_entry_id, alternative_quality) VALUES (3, 3, 18, 9);
INSERT INTO public.rcps_ingredientreplacement (id, alternative_id, ingredient_entry_id, alternative_quality) VALUES (4, 4, 59, 7);
INSERT INTO public.rcps_ingredientreplacement (id, alternative_id, ingredient_entry_id, alternative_quality) VALUES (5, 5, 63, 8);
INSERT INTO public.rcps_ingredientreplacement (id, alternative_id, ingredient_entry_id, alternative_quality) VALUES (6, 6, 3, 10);INSERT INTO public.rcps_ingredient (id, ingredient_name, ingredient_category_id) VALUES (1, 'говядина', 1);
INSERT INTO public.rcps_ingredient (id, ingredient_name, ingredient_category_id) VALUES (2, 'фарш', 1);
INSERT INTO public.rcps_ingredient (id, ingredient_name, ingredient_category_id) VALUES (3, 'филе курицы', 2);
INSERT INTO public.rcps_ingredient (id, ingredient_name, ingredient_category_id) VALUES (4, 'молоко', 3);
INSERT INTO public.rcps_ingredient (id, ingredient_name, ingredient_category_id) VALUES (5, 'сливки', 3);
INSERT INTO public.rcps_ingredient (id, ingredient_name, ingredient_category_id) VALUES (6, 'помидоры', 4);
INSERT INTO public.rcps_ingredient (id, ingredient_name, ingredient_category_id) VALUES (7, 'морковь', 4);
INSERT INTO public.rcps_ingredient (id, ingredient_name, ingredient_category_id) VALUES (8, 'сельдерей', 4);
INSERT INTO public.rcps_ingredient (id, ingredient_name, ingredient_category_id) VALUES (9, 'клубника', 9);
INSERT INTO public.rcps_ingredient (id, ingredient_name, ingredient_category_id) VALUES (10, 'гречка', 6);
INSERT INTO public.rcps_ingredient (id, ingredient_name, ingredient_category_id) VALUES (11, 'мука', 6);
INSERT INTO public.rcps_ingredient (id, ingredient_name, ingredient_category_id) VALUES (12, 'кофе молотый', 6);
INSERT INTO public.rcps_ingredient (id, ingredient_name, ingredient_category_id) VALUES (13, 'яйцо куриное', 10);
INSERT INTO public.rcps_ingredient (id, ingredient_name, ingredient_category_id) VALUES (14, 'вода', 11);
INSERT INTO public.rcps_ingredient (id, ingredient_name, ingredient_category_id) VALUES (15, 'сахар', 12);
INSERT INTO public.rcps_ingredient (id, ingredient_name, ingredient_category_id) VALUES (16, 'корица', 13);
INSERT INTO public.rcps_ingredient (id, ingredient_name, ingredient_category_id) VALUES (17, 'соль', 12);
INSERT INTO public.rcps_ingredient (id, ingredient_name, ingredient_category_id) VALUES (18, 'перец', 13);
INSERT INTO public.rcps_ingredient (id, ingredient_name, ingredient_category_id) VALUES (19, 'масло растительное', 18);
INSERT INTO public.rcps_ingredient (id, ingredient_name, ingredient_category_id) VALUES (20, 'масло сливочное', 3);
INSERT INTO public.rcps_ingredient (id, ingredient_name, ingredient_category_id) VALUES (21, 'салями', 14);
INSERT INTO public.rcps_ingredient (id, ingredient_name, ingredient_category_id) VALUES (22, 'сыр', 3);
INSERT INTO public.rcps_ingredient (id, ingredient_name, ingredient_category_id) VALUES (23, 'картофель', 4);
INSERT INTO public.rcps_ingredient (id, ingredient_name, ingredient_category_id) VALUES (24, 'шампиньоны', 8);
INSERT INTO public.rcps_ingredient (id, ingredient_name, ingredient_category_id) VALUES (25, 'лук', 4);
INSERT INTO public.rcps_ingredient (id, ingredient_name, ingredient_category_id) VALUES (26, 'сливки 10%', 3);
INSERT INTO public.rcps_ingredient (id, ingredient_name, ingredient_category_id) VALUES (27, 'крахмал', 6);
INSERT INTO public.rcps_ingredient (id, ingredient_name, ingredient_category_id) VALUES (28, 'вино красное', 15);
INSERT INTO public.rcps_ingredient (id, ingredient_name, ingredient_category_id) VALUES (29, 'куриный бульон', 11);
INSERT INTO public.rcps_ingredient (id, ingredient_name, ingredient_category_id) VALUES (30, 'тимьян', 13);
INSERT INTO public.rcps_ingredient (id, ingredient_name, ingredient_category_id) VALUES (31, 'лавровый лист', 13);
INSERT INTO public.rcps_ingredient (id, ingredient_name, ingredient_category_id) VALUES (32, 'батон', 16);
INSERT INTO public.rcps_ingredient (id, ingredient_name, ingredient_category_id) VALUES (33, 'пармезан', 3);
INSERT INTO public.rcps_ingredient (id, ingredient_name, ingredient_category_id) VALUES (34, 'моцарела', 3);
INSERT INTO public.rcps_ingredient (id, ingredient_name, ingredient_category_id) VALUES (35, 'тушенка', 1);
INSERT INTO public.rcps_ingredient (id, ingredient_name, ingredient_category_id) VALUES (36, 'томатная паста', 12);
INSERT INTO public.rcps_ingredient (id, ingredient_name, ingredient_category_id) VALUES (37, 'чеснок', 4);
INSERT INTO public.rcps_ingredient (id, ingredient_name, ingredient_category_id) VALUES (38, 'макароны', 6);
INSERT INTO public.rcps_ingredient (id, ingredient_name, ingredient_category_id) VALUES (39, 'укроп', 17);
INSERT INTO public.rcps_ingredient (id, ingredient_name, ingredient_category_id) VALUES (40, 'полировочные сухари', 16);
INSERT INTO public.rcps_ingredient (id, ingredient_name, ingredient_category_id) VALUES (41, 'бублики', 16);
INSERT INTO public.rcps_ingredient (id, ingredient_name, ingredient_category_id) VALUES (42, 'бекон', 1);
INSERT INTO public.rcps_ingredient (id, ingredient_name, ingredient_category_id) VALUES (43, 'ветчина', 1);
INSERT INTO public.rcps_ingredient (id, ingredient_name, ingredient_category_id) VALUES (44, 'мускатный орех', 13);
INSERT INTO public.rcps_ingredient (id, ingredient_name, ingredient_category_id) VALUES (45, 'свинина', 1);
INSERT INTO public.rcps_ingredient (id, ingredient_name, ingredient_category_id) VALUES (46, 'масло оливковое', 18);
INSERT INTO public.rcps_ingredient (id, ingredient_name, ingredient_category_id) VALUES (47, 'розмарин', 13);
INSERT INTO public.rcps_ingredient (id, ingredient_name, ingredient_category_id) VALUES (48, 'сушёный чеснок', 13);
INSERT INTO public.rcps_ingredient (id, ingredient_name, ingredient_category_id) VALUES (49, 'говяжий стейк рибай', 1);
INSERT INTO public.rcps_ingredient (id, ingredient_name, ingredient_category_id) VALUES (50, 'сливки сухие', 3);INSERT INTO public.rcps_recipe (id, recipe_name, recipe_rating, recipe_link) VALUES (1, 'кофе со сливками', 0, 'https://www.youtube.com/watch?v=V8jXox2T6jg');
INSERT INTO public.rcps_recipe (id, recipe_name, recipe_rating, recipe_link) VALUES (2, 'помидор запеченный с яйцом', 0, 'https://www.youtube.com/watch?v=bwMeaZAo6Q4');
INSERT INTO public.rcps_recipe (id, recipe_name, recipe_rating, recipe_link) VALUES (3, 'гречневая каша с молоком', 0, 'https://www.youtube.com/watch?v=Q3lkC0veP-A');
INSERT INTO public.rcps_recipe (id, recipe_name, recipe_rating, recipe_link) VALUES (4, 'бублик-бутер', 0, 'https://www.youtube.com/watch?v=5V6kL0M4cmo');
INSERT INTO public.rcps_recipe (id, recipe_name, recipe_rating, recipe_link) VALUES (5, 'грибной крем-суп', 0, 'https://www.youtube.com/watch?v=C7VFCGlZ6nQ');
INSERT INTO public.rcps_recipe (id, recipe_name, recipe_rating, recipe_link) VALUES (6, 'французский луковый суп', 0, 'https://www.youtube.com/watch?v=lH1kULA43oo');
INSERT INTO public.rcps_recipe (id, recipe_name, recipe_rating, recipe_link) VALUES (7, 'картошка с мясом', 0, 'https://www.youtube.com/watch?v=eD3sGcf-SZE');
INSERT INTO public.rcps_recipe (id, recipe_name, recipe_rating, recipe_link) VALUES (8, 'макароны с сыром', 0, 'https://www.youtube.com/watch?v=qAv8-jBKnG8');
INSERT INTO public.rcps_recipe (id, recipe_name, recipe_rating, recipe_link) VALUES (9, 'котлеты по-киевски', 0, 'https://www.youtube.com/watch?v=LV-ZSBjppPE');
INSERT INTO public.rcps_recipe (id, recipe_name, recipe_rating, recipe_link) VALUES (10, 'соус бешамель', 0, 'https://www.youtube.com/watch?v=UJX9Lsaz-t4');
INSERT INTO public.rcps_recipe (id, recipe_name, recipe_rating, recipe_link) VALUES (11, 'свиная отбивная', 0, 'https://www.youtube.com/watch?v=Ns4Vxel-Mqg');
INSERT INTO public.rcps_recipe (id, recipe_name, recipe_rating, recipe_link) VALUES (12, 'стейк', 0, 'https://www.youtube.com/watch?v=wHZcnTn2Mcs');
INSERT INTO public.rcps_recipe (id, recipe_name, recipe_rating, recipe_link) VALUES (13, 'блины', 0, 'https://www.youtube.com/watch?v=Ed6ASzTI3iY');INSERT INTO public.rcps_requires (id, equipment_id, recipe_id) VALUES (4, 4, 5);
INSERT INTO public.rcps_requires (id, equipment_id, recipe_id) VALUES (1, 2, 1);
INSERT INTO public.rcps_requires (id, equipment_id, recipe_id) VALUES (2, 3, 2);
INSERT INTO public.rcps_requires (id, equipment_id, recipe_id) VALUES (3, 4, 2);
INSERT INTO public.rcps_requires (id, equipment_id, recipe_id) VALUES (5, 6, 3);
INSERT INTO public.rcps_requires (id, equipment_id, recipe_id) VALUES (6, 7, 4);
INSERT INTO public.rcps_requires (id, equipment_id, recipe_id) VALUES (7, 6, 5);
INSERT INTO public.rcps_requires (id, equipment_id, recipe_id) VALUES (8, 7, 5);
INSERT INTO public.rcps_requires (id, equipment_id, recipe_id) VALUES (9, 6, 6);
INSERT INTO public.rcps_requires (id, equipment_id, recipe_id) VALUES (10, 9, 6);
INSERT INTO public.rcps_requires (id, equipment_id, recipe_id) VALUES (11, 7, 7);
INSERT INTO public.rcps_requires (id, equipment_id, recipe_id) VALUES (12, 10, 8);
INSERT INTO public.rcps_requires (id, equipment_id, recipe_id) VALUES (13, 10, 9);
INSERT INTO public.rcps_requires (id, equipment_id, recipe_id) VALUES (14, 11, 10);
INSERT INTO public.rcps_requires (id, equipment_id, recipe_id) VALUES (15, 13, 10);
INSERT INTO public.rcps_requires (id, equipment_id, recipe_id) VALUES (16, 4, 10);
INSERT INTO public.rcps_requires (id, equipment_id, recipe_id) VALUES (17, 14, 10);
INSERT INTO public.rcps_requires (id, equipment_id, recipe_id) VALUES (18, 15, 10);
INSERT INTO public.rcps_requires (id, equipment_id, recipe_id) VALUES (19, 17, 9);
INSERT INTO public.rcps_requires (id, equipment_id, recipe_id) VALUES (20, 4, 11);
INSERT INTO public.rcps_requires (id, equipment_id, recipe_id) VALUES (21, 7, 11);
INSERT INTO public.rcps_requires (id, equipment_id, recipe_id) VALUES (22, 18, 11);
INSERT INTO public.rcps_requires (id, equipment_id, recipe_id) VALUES (23, 15, 11);
INSERT INTO public.rcps_requires (id, equipment_id, recipe_id) VALUES (24, 3, 11);
INSERT INTO public.rcps_requires (id, equipment_id, recipe_id) VALUES (25, 20, 12);
INSERT INTO public.rcps_requires (id, equipment_id, recipe_id) VALUES (26, 7, 12);
INSERT INTO public.rcps_requires (id, equipment_id, recipe_id) VALUES (27, 19, 12);
INSERT INTO public.rcps_requires (id, equipment_id, recipe_id) VALUES (28, 13, 13);
INSERT INTO public.rcps_requires (id, equipment_id, recipe_id) VALUES (29, 21, 13);
INSERT INTO public.rcps_requires (id, equipment_id, recipe_id) VALUES (30, 22, 13);
INSERT INTO public.rcps_requires (id, equipment_id, recipe_id) VALUES (31, 23, 13);
INSERT INTO public.rcps_requires (id, equipment_id, recipe_id) VALUES (32, 18, 13);
INSERT INTO public.rcps_requires (id, equipment_id, recipe_id) VALUES (33, 5, 13);
INSERT INTO public.rcps_requires (id, equipment_id, recipe_id) VALUES (34, 24, 13);INSERT INTO public.rcps_tag (id, tag_name) VALUES (1, 'к завтраку');
INSERT INTO public.rcps_tag (id, tag_name) VALUES (2, 'в духовке');
INSERT INTO public.rcps_tag (id, tag_name) VALUES (3, 'супы');
INSERT INTO public.rcps_tag (id, tag_name) VALUES (4, 'дешево и сытно');
INSERT INTO public.rcps_tag (id, tag_name) VALUES (5, 'непростые рецепты');
INSERT INTO public.rcps_tag (id, tag_name) VALUES (6, 'мясные блюда');
INSERT INTO public.rcps_tag (id, tag_name) VALUES (7, 'соусы');INSERT INTO public.rcps_tag_tag_recipes (id, tag_id, recipe_id) VALUES (2, 1, 3);
INSERT INTO public.rcps_tag_tag_recipes (id, tag_id, recipe_id) VALUES (3, 2, 2);
INSERT INTO public.rcps_tag_tag_recipes (id, tag_id, recipe_id) VALUES (7, 3, 5);
INSERT INTO public.rcps_tag_tag_recipes (id, tag_id, recipe_id) VALUES (14, 1, 1);
INSERT INTO public.rcps_tag_tag_recipes (id, tag_id, recipe_id) VALUES (15, 1, 4);
INSERT INTO public.rcps_tag_tag_recipes (id, tag_id, recipe_id) VALUES (16, 1, 13);
INSERT INTO public.rcps_tag_tag_recipes (id, tag_id, recipe_id) VALUES (17, 3, 6);
INSERT INTO public.rcps_tag_tag_recipes (id, tag_id, recipe_id) VALUES (18, 4, 8);
INSERT INTO public.rcps_tag_tag_recipes (id, tag_id, recipe_id) VALUES (19, 4, 7);
INSERT INTO public.rcps_tag_tag_recipes (id, tag_id, recipe_id) VALUES (20, 5, 9);
INSERT INTO public.rcps_tag_tag_recipes (id, tag_id, recipe_id) VALUES (21, 6, 9);
INSERT INTO public.rcps_tag_tag_recipes (id, tag_id, recipe_id) VALUES (22, 6, 11);
INSERT INTO public.rcps_tag_tag_recipes (id, tag_id, recipe_id) VALUES (23, 6, 12);
INSERT INTO public.rcps_tag_tag_recipes (id, tag_id, recipe_id) VALUES (24, 6, 7);
INSERT INTO public.rcps_tag_tag_recipes (id, tag_id, recipe_id) VALUES (25, 7, 10);
-- Update id sequences
select(setval('auth_group_id_seq', (select max(id) from auth_group)));
select(setval('auth_group_permissions_id_seq', (select max(id) from auth_group_permissions)));
select(setval('auth_permission_id_seq', (select max(id) from auth_permission)));
select(setval('auth_user_groups_id_seq', (select max(id) from auth_user_groups)));
select(setval('auth_user_id_seq', (select max(id) from auth_user)));
select(setval('auth_user_user_permissions_id_seq', (select max(id) from auth_user_user_permissions)));
select(setval('django_admin_log_id_seq', (select max(id) from django_admin_log)));
select(setval('django_content_type_id_seq', (select max(id) from django_content_type)));
select(setval('django_migrations_id_seq', (select max(id) from django_migrations)));
select(setval('rcps_alternativeconsists_id_seq', (select max(id) from rcps_alternativeconsists)));
select(setval('rcps_comment_id_seq', (select max(id) from rcps_comment)));
select(setval('rcps_consist_id_seq', (select max(id) from rcps_consist)));
select(setval('rcps_equipment_alternatives_id_seq', (select max(id) from rcps_equipment_alternatives)));
select(setval('rcps_equipment_id_seq', (select max(id) from rcps_equipment)));
select(setval('rcps_equipmentcategory_id_seq', (select max(id) from rcps_equipmentcategory)));
select(setval('rcps_grade_id_seq', (select max(id) from rcps_grade)));
select(setval('rcps_ingredient_id_seq', (select max(id) from rcps_ingredient)));
select(setval('rcps_ingredientalternative_id_seq', (select max(id) from rcps_ingredientalternative)));
select(setval('rcps_ingredientcategory_id_seq', (select max(id) from rcps_ingredientcategory)));
select(setval('rcps_ingredientreplacement_id_seq', (select max(id) from rcps_ingredientreplacement)));
select(setval('rcps_recipe_id_seq', (select max(id) from rcps_recipe)));
select(setval('rcps_requires_id_seq', (select max(id) from rcps_requires)));
select(setval('rcps_tag_id_seq', (select max(id) from rcps_tag)));
select(setval('rcps_tag_tag_recipes_id_seq', (select max(id) from rcps_tag_tag_recipes)));