INSERT INTO public.rcps_alternativeconsists (id, quantity, ingredient_id, ingredient_alternative_id) VALUES (13, '1', 1, 7);
INSERT INTO public.rcps_alternativeconsists (id, quantity, ingredient_id, ingredient_alternative_id) VALUES (14, '1', 3, 7);
INSERT INTO public.rcps_alternativeconsists (id, quantity, ingredient_id, ingredient_alternative_id) VALUES (15, '1', 1, 8);
INSERT INTO public.rcps_alternativeconsists (id, quantity, ingredient_id, ingredient_alternative_id) VALUES (16, '1', 4, 8);
INSERT INTO public.rcps_consist (id, quantity, ingredient_id, recipe_id) VALUES (1, '10', 1, 2);
INSERT INTO public.rcps_consist (id, quantity, ingredient_id, recipe_id) VALUES (2, '10', 6, 2);
INSERT INTO public.rcps_consist (id, quantity, ingredient_id, recipe_id) VALUES (3, '1', 7, 3);
INSERT INTO public.rcps_consist (id, quantity, ingredient_id, recipe_id) VALUES (4, '1', 2, 3);
INSERT INTO public.rcps_consist (id, quantity, ingredient_id, recipe_id) VALUES (5, '1', 2, 4);
INSERT INTO public.rcps_consist (id, quantity, ingredient_id, recipe_id) VALUES (6, '1', 3, 5);
INSERT INTO public.rcps_consist (id, quantity, ingredient_id, recipe_id) VALUES (7, '1', 2, 5);
INSERT INTO public.rcps_consist (id, quantity, ingredient_id, recipe_id) VALUES (8, '1', 5, 5);
INSERT INTO public.rcps_equipment_alternatives (id, from_equipment_id, to_equipment_id) VALUES (1, 2, 1);
INSERT INTO public.rcps_equipment_alternatives (id, from_equipment_id, to_equipment_id) VALUES (2, 1, 2);
INSERT INTO public.rcps_equipmentcategory (id, ecategory_name) VALUES (1, 'какая-то категория инструментов');
INSERT INTO public.rcps_equipment (id, equipment_name, equipment_category_id) VALUES (1, 'бутылка пустая', 1);
INSERT INTO public.rcps_equipment (id, equipment_name, equipment_category_id) VALUES (3, 'сковородка', 1);
INSERT INTO public.rcps_equipment (id, equipment_name, equipment_category_id) VALUES (2, 'скалка', 1);
INSERT INTO public.rcps_equipment (id, equipment_name, equipment_category_id) VALUES (4, 'противень', 1);
INSERT INTO public.rcps_equipment (id, equipment_name, equipment_category_id) VALUES (5, 'кастрюля', 1);
INSERT INTO public.rcps_ingredientalternative (id) VALUES (7);
INSERT INTO public.rcps_ingredientalternative (id) VALUES (8);INSERT INTO public.rcps_ingredientcategory (id, icategory_name) VALUES (1, 'какая-то категория');
INSERT INTO public.rcps_ingredientreplacement (id, alternative_id, ingredient_entry_id, alternative_quality) VALUES (1, 7, 5, 1);
INSERT INTO public.rcps_ingredientreplacement (id, alternative_id, ingredient_entry_id, alternative_quality) VALUES (2, 8, 5, 1);
INSERT INTO public.rcps_ingredientreplacement (id, alternative_id, ingredient_entry_id, alternative_quality) VALUES (3, 7, 7, 1);
INSERT INTO public.rcps_ingredient (id, ingredient_name, ingredient_category_id) VALUES (1, 'молоко', 1);
INSERT INTO public.rcps_ingredient (id, ingredient_name, ingredient_category_id) VALUES (2, 'сливки', 1);
INSERT INTO public.rcps_ingredient (id, ingredient_name, ingredient_category_id) VALUES (3, 'мука', 1);
INSERT INTO public.rcps_ingredient (id, ingredient_name, ingredient_category_id) VALUES (4, 'крахмал', 1);
INSERT INTO public.rcps_ingredient (id, ingredient_name, ingredient_category_id) VALUES (5, 'мозг', 1);
INSERT INTO public.rcps_ingredient (id, ingredient_name, ingredient_category_id) VALUES (6, 'гречка', 1);
INSERT INTO public.rcps_ingredient (id, ingredient_name, ingredient_category_id) VALUES (7, 'кофе', 1);
INSERT INTO public.rcps_recipe (id, recipe_name, recipe_rating, recipe_link) VALUES (2, 'Гречка с молоком', 0, 'https://www.youtube.com/watch?v=20ZHKw4Cjw8');
INSERT INTO public.rcps_recipe (id, recipe_name, recipe_rating, recipe_link) VALUES (3, 'Кофе со сливками', 0, 'https://www.youtube.com/watch?v=20ZHKw4Cjw8');
INSERT INTO public.rcps_recipe (id, recipe_name, recipe_rating, recipe_link) VALUES (4, 'Бешамель', 0, 'https://www.youtube.com/watch?v=20ZHKw4Cjw8');
INSERT INTO public.rcps_recipe (id, recipe_name, recipe_rating, recipe_link) VALUES (5, 'Лазанья', 0, 'https://www.youtube.com/watch?v=20ZHKw4Cjw8');
INSERT INTO public.rcps_requires (id, equipment_id, recipe_id) VALUES (1, 5, 2);
INSERT INTO public.rcps_requires (id, equipment_id, recipe_id) VALUES (2, 5, 3);
INSERT INTO public.rcps_requires (id, equipment_id, recipe_id) VALUES (3, 5, 4);
INSERT INTO public.rcps_requires (id, equipment_id, recipe_id) VALUES (4, 4, 5);
INSERT INTO public.rcps_requires (id, equipment_id, recipe_id) VALUES (5, 2, 5);