[{"model": "rcps.recipe", "pk": 1, "fields": {"recipe_name": "\u043a\u043e\u0444\u0435 \u0441\u043e \u0441\u043b\u0438\u0432\u043a\u0430\u043c\u0438", "recipe_rating": 0.0, "recipe_link": "https://www.youtube.com/watch?v=V8jXox2T6jg"}}, {"model": "rcps.recipe", "pk": 2, "fields": {"recipe_name": "\u043f\u043e\u043c\u0438\u0434\u043e\u0440 \u0437\u0430\u043f\u0435\u0447\u0435\u043d\u043d\u044b\u0439 \u0441 \u044f\u0439\u0446\u043e\u043c", "recipe_rating": 0.0, "recipe_link": "https://www.youtube.com/watch?v=bwMeaZAo6Q4"}}, {"model": "rcps.recipe", "pk": 3, "fields": {"recipe_name": "\u0433\u0440\u0435\u0447\u043d\u0435\u0432\u0430\u044f \u043a\u0430\u0448\u0430 \u0441 \u043c\u043e\u043b\u043e\u043a\u043e\u043c", "recipe_rating": 0.0, "recipe_link": "https://www.youtube.com/watch?v=Q3lkC0veP-A"}}, {"model": "rcps.recipe", "pk": 4, "fields": {"recipe_name": "\u0431\u0443\u0431\u043b\u0438\u043a-\u0431\u0443\u0442\u0435\u0440", "recipe_rating": 0.0, "recipe_link": "https://www.youtube.com/watch?v=5V6kL0M4cmo"}}, {"model": "rcps.recipe", "pk": 5, "fields": {"recipe_name": "\u0433\u0440\u0438\u0431\u043d\u043e\u0439 \u043a\u0440\u0435\u043c-\u0441\u0443\u043f", "recipe_rating": 0.0, "recipe_link": "https://www.youtube.com/watch?v=C7VFCGlZ6nQ"}}, {"model": "rcps.recipe", "pk": 6, "fields": {"recipe_name": "\u0444\u0440\u0430\u043d\u0446\u0443\u0437\u0441\u043a\u0438\u0439 \u043b\u0443\u043a\u043e\u0432\u044b\u0439 \u0441\u0443\u043f", "recipe_rating": 0.0, "recipe_link": "https://www.youtube.com/watch?v=lH1kULA43oo"}}, {"model": "rcps.recipe", "pk": 7, "fields": {"recipe_name": "\u043a\u0430\u0440\u0442\u043e\u0448\u043a\u0430 \u0441 \u043c\u044f\u0441\u043e\u043c", "recipe_rating": 0.0, "recipe_link": "https://www.youtube.com/watch?v=eD3sGcf-SZE"}}, {"model": "rcps.recipe", "pk": 8, "fields": {"recipe_name": "\u043c\u0430\u043a\u0430\u0440\u043e\u043d\u044b \u0441 \u0441\u044b\u0440\u043e\u043c", "recipe_rating": 0.0, "recipe_link": "https://www.youtube.com/watch?v=qAv8-jBKnG8"}}, {"model": "rcps.recipe", "pk": 9, "fields": {"recipe_name": "\u043a\u043e\u0442\u043b\u0435\u0442\u044b \u043f\u043e-\u043a\u0438\u0435\u0432\u0441\u043a\u0438", "recipe_rating": 0.0, "recipe_link": "https://www.youtube.com/watch?v=LV-ZSBjppPE"}}, {"model": "rcps.recipe", "pk": 10, "fields": {"recipe_name": "\u0441\u043e\u0443\u0441 \u0431\u0435\u0448\u0430\u043c\u0435\u043b\u044c", "recipe_rating": 0.0, "recipe_link": "https://www.youtube.com/watch?v=UJX9Lsaz-t4"}}, {"model": "rcps.recipe", "pk": 11, "fields": {"recipe_name": "\u0441\u0432\u0438\u043d\u0430\u044f \u043e\u0442\u0431\u0438\u0432\u043d\u0430\u044f", "recipe_rating": 0.0, "recipe_link": "https://www.youtube.com/watch?v=Ns4Vxel-Mqg"}}, {"model": "rcps.recipe", "pk": 12, "fields": {"recipe_name": "\u0441\u0442\u0435\u0439\u043a", "recipe_rating": 0.0, "recipe_link": "https://www.youtube.com/watch?v=wHZcnTn2Mcs"}}, {"model": "rcps.recipe", "pk": 13, "fields": {"recipe_name": "\u0431\u043b\u0438\u043d\u044b", "recipe_rating": 0.0, "recipe_link": "https://www.youtube.com/watch?v=Ed6ASzTI3iY"}}, {"model": "rcps.equipmentcategory", "pk": 1, "fields": {"ecategory_name": "\u043f\u043e\u0441\u0443\u0434\u0430"}}, {"model": "rcps.equipmentcategory", "pk": 2, "fields": {"ecategory_name": "\u0434\u043b\u044f \u0436\u0430\u0440\u043a\u0438"}}, {"model": "rcps.equipmentcategory", "pk": 3, "fields": {"ecategory_name": "\u0434\u043b\u044f \u0432\u0430\u0440\u043a\u0438"}}, {"model": "rcps.equipmentcategory", "pk": 4, "fields": {"ecategory_name": "\u0434\u043b\u044f \u0434\u0443\u0445\u043e\u0432\u043a\u0438"}}, {"model": "rcps.equipmentcategory", "pk": 5, "fields": {"ecategory_name": "\u0431\u044b\u0442\u043e\u0432\u0430\u044f \u0442\u0435\u0445\u043d\u0438\u043a\u0430"}}, {"model": "rcps.equipment", "pk": 1, "fields": {"equipment_name": "\u0436\u0435\u043b\u0435\u0437\u043d\u0430\u044f \u043a\u0440\u0443\u0436\u043a\u0430", "equipment_category": 1, "alternatives": [2]}}, {"model": "rcps.equipment", "pk": 2, "fields": {"equipment_name": "\u0442\u0443\u0440\u043a\u0430", "equipment_category": 1, "alternatives": [1]}}, {"model": "rcps.equipment", "pk": 3, "fields": {"equipment_name": "\u043f\u0440\u043e\u0442\u0438\u0432\u0435\u043d\u044c", "equipment_category": 4, "alternatives": []}}, {"model": "rcps.equipment", "pk": 4, "fields": {"equipment_name": "\u043d\u043e\u0436", "equipment_category": 1, "alternatives": []}}, {"model": "rcps.equipment", "pk": 5, "fields": {"equipment_name": "\u043b\u043e\u0436\u043a\u0430", "equipment_category": 1, "alternatives": [15]}}, {"model": "rcps.equipment", "pk": 6, "fields": {"equipment_name": "\u043a\u0430\u0441\u0442\u0440\u044e\u043b\u044f", "equipment_category": 3, "alternatives": [21]}}, {"model": "rcps.equipment", "pk": 7, "fields": {"equipment_name": "\u0441\u043a\u043e\u0432\u043e\u0440\u043e\u0434\u0430", "equipment_category": 2, "alternatives": [8, 10]}}, {"model": "rcps.equipment", "pk": 8, "fields": {"equipment_name": "\u0432\u043e\u043a", "equipment_category": 2, "alternatives": [7, 10]}}, {"model": "rcps.equipment", "pk": 9, "fields": {"equipment_name": "\u043c\u0438\u043a\u0440\u043e\u0432\u043e\u043b\u043d\u043e\u0432\u043a\u0430", "equipment_category": 5, "alternatives": []}}, {"model": "rcps.equipment", "pk": 10, "fields": {"equipment_name": "\u0443\u0442\u044f\u0442\u043d\u0438\u0446\u0430", "equipment_category": 2, "alternatives": [7, 8]}}, {"model": "rcps.equipment", "pk": 11, "fields": {"equipment_name": "\u0441\u043e\u0442\u0435\u0439\u043d\u0438\u043a", "equipment_category": 3, "alternatives": []}}, {"model": "rcps.equipment", "pk": 12, "fields": {"equipment_name": "\u0432\u0438\u043b\u043a\u0430", "equipment_category": 1, "alternatives": [13]}}, {"model": "rcps.equipment", "pk": 13, "fields": {"equipment_name": "\u0432\u0435\u043d\u0447\u0438\u043a", "equipment_category": 1, "alternatives": [12, 25]}}, {"model": "rcps.equipment", "pk": 14, "fields": {"equipment_name": "\u0442\u0435\u0440\u043a\u0430", "equipment_category": 1, "alternatives": []}}, {"model": "rcps.equipment", "pk": 15, "fields": {"equipment_name": "\u0447\u0430\u0439\u043d\u0430\u044f \u043b\u043e\u0436\u043a\u0430", "equipment_category": 1, "alternatives": [5]}}, {"model": "rcps.equipment", "pk": 16, "fields": {"equipment_name": "\u043e\u0442\u0431\u0438\u0432\u043d\u043e\u0439 \u043c\u043e\u043b\u043e\u0442\u043e\u043a", "equipment_category": 1, "alternatives": [17]}}, {"model": "rcps.equipment", "pk": 17, "fields": {"equipment_name": "\u0441\u043a\u0430\u043b\u043a\u0430", "equipment_category": 1, "alternatives": [16]}}, {"model": "rcps.equipment", "pk": 18, "fields": {"equipment_name": "\u043b\u043e\u043f\u0430\u0442\u043a\u0430", "equipment_category": 1, "alternatives": [20]}}, {"model": "rcps.equipment", "pk": 19, "fields": {"equipment_name": "\u0442\u0430\u0440\u0435\u043b\u043a\u0430", "equipment_category": 1, "alternatives": []}}, {"model": "rcps.equipment", "pk": 20, "fields": {"equipment_name": "\u043a\u0443\u043b\u0438\u043d\u0430\u0440\u043d\u044b\u0435 \u0449\u0438\u043f\u0446\u044b", "equipment_category": 1, "alternatives": [18]}}, {"model": "rcps.equipment", "pk": 21, "fields": {"equipment_name": "\u043c\u0438\u0441\u043a\u0430", "equipment_category": 1, "alternatives": [6]}}, {"model": "rcps.equipment", "pk": 22, "fields": {"equipment_name": "\u043f\u043e\u043b\u043e\u0432\u043d\u0438\u043a", "equipment_category": 1, "alternatives": []}}, {"model": "rcps.equipment", "pk": 23, "fields": {"equipment_name": "\u0431\u043b\u0438\u043d\u043d\u0430\u044f \u0441\u043a\u043e\u0432\u043e\u0440\u043e\u0434\u0430", "equipment_category": 2, "alternatives": []}}, {"model": "rcps.equipment", "pk": 24, "fields": {"equipment_name": "\u0441\u0438\u0442\u043e", "equipment_category": 1, "alternatives": []}}, {"model": "rcps.equipment", "pk": 25, "fields": {"equipment_name": "\u043c\u0438\u043a\u0441\u0435\u0440", "equipment_category": 5, "alternatives": [13]}}, {"model": "rcps.tag", "pk": 1, "fields": {"tag_name": "\u043a \u0437\u0430\u0432\u0442\u0440\u0430\u043a\u0443", "tag_recipes": [3, 4, 13, 1]}}, {"model": "rcps.tag", "pk": 2, "fields": {"tag_name": "\u0432 \u0434\u0443\u0445\u043e\u0432\u043a\u0435", "tag_recipes": [2]}}, {"model": "rcps.tag", "pk": 3, "fields": {"tag_name": "\u0441\u0443\u043f\u044b", "tag_recipes": [5, 6]}}, {"model": "rcps.tag", "pk": 4, "fields": {"tag_name": "\u0434\u0435\u0448\u0435\u0432\u043e \u0438 \u0441\u044b\u0442\u043d\u043e", "tag_recipes": [7, 8]}}, {"model": "rcps.tag", "pk": 5, "fields": {"tag_name": "\u043d\u0435\u043f\u0440\u043e\u0441\u0442\u044b\u0435 \u0440\u0435\u0446\u0435\u043f\u0442\u044b", "tag_recipes": [9]}}, {"model": "rcps.tag", "pk": 6, "fields": {"tag_name": "\u043c\u044f\u0441\u043d\u044b\u0435 \u0431\u043b\u044e\u0434\u0430", "tag_recipes": [7, 9, 11, 12]}}, {"model": "rcps.tag", "pk": 7, "fields": {"tag_name": "\u0441\u043e\u0443\u0441\u044b", "tag_recipes": [10]}}, {"model": "rcps.ingredientcategory", "pk": 1, "fields": {"icategory_name": "\u043c\u044f\u0441\u043e"}}, {"model": "rcps.ingredientcategory", "pk": 2, "fields": {"icategory_name": "\u043f\u0442\u0438\u0446\u0430"}}, {"model": "rcps.ingredientcategory", "pk": 3, "fields": {"icategory_name": "\u043c\u043e\u043b\u043e\u0447\u043d\u044b\u0435 \u043f\u0440\u043e\u0434\u0443\u043a\u0442\u044b"}}, {"model": "rcps.ingredientcategory", "pk": 4, "fields": {"icategory_name": "\u043e\u0432\u043e\u0449\u0438"}}, {"model": "rcps.ingredientcategory", "pk": 5, "fields": {"icategory_name": "\u0444\u0440\u0443\u043a\u0442\u044b"}}, {"model": "rcps.ingredientcategory", "pk": 6, "fields": {"icategory_name": "\u0437\u0435\u0440\u043d\u043e\u0432\u044b\u0435 \u043f\u0440\u043e\u0434\u0443\u043a\u0442\u044b"}}, {"model": "rcps.ingredientcategory", "pk": 7, "fields": {"icategory_name": "\u0440\u044b\u0431\u0430"}}, {"model": "rcps.ingredientcategory", "pk": 8, "fields": {"icategory_name": "\u0433\u0440\u0438\u0431\u044b"}}, {"model": "rcps.ingredientcategory", "pk": 9, "fields": {"icategory_name": "\u044f\u0433\u043e\u0434\u044b"}}, {"model": "rcps.ingredientcategory", "pk": 10, "fields": {"icategory_name": "\u044f\u0438\u0447\u043d\u044b\u0435 \u043f\u0440\u043e\u0434\u0443\u043a\u0442\u044b"}}, {"model": "rcps.ingredientcategory", "pk": 11, "fields": {"icategory_name": "\u0436\u0438\u0434\u043a\u043e\u0441\u0442\u0438"}}, {"model": "rcps.ingredientcategory", "pk": 12, "fields": {"icategory_name": "\u0432\u043a\u0443\u0441\u043e\u0432\u044b\u0435 \u0434\u043e\u0431\u0430\u0432\u043a\u0438"}}, {"model": "rcps.ingredientcategory", "pk": 13, "fields": {"icategory_name": "\u043f\u0440\u044f\u043d\u043e\u0441\u0442\u0438"}}, {"model": "rcps.ingredientcategory", "pk": 14, "fields": {"icategory_name": "\u043a\u043e\u043b\u0431\u0430\u0441\u044b"}}, {"model": "rcps.ingredientcategory", "pk": 15, "fields": {"icategory_name": "\u0430\u043b\u043a\u043e\u0433\u043e\u043b\u044c"}}, {"model": "rcps.ingredientcategory", "pk": 16, "fields": {"icategory_name": "\u0445\u043b\u0435\u0431\u043d\u044b\u0435 \u0438\u0437\u0434\u0435\u043b\u0438\u044f"}}, {"model": "rcps.ingredientcategory", "pk": 17, "fields": {"icategory_name": "\u0437\u0435\u043b\u0435\u043d\u044c"}}, {"model": "rcps.ingredientcategory", "pk": 18, "fields": {"icategory_name": "\u043c\u0430\u0441\u043b\u043e"}}, {"model": "rcps.ingredient", "pk": 1, "fields": {"ingredient_category": 1, "ingredient_name": "\u0433\u043e\u0432\u044f\u0434\u0438\u043d\u0430"}}, {"model": "rcps.ingredient", "pk": 2, "fields": {"ingredient_category": 1, "ingredient_name": "\u0444\u0430\u0440\u0448"}}, {"model": "rcps.ingredient", "pk": 3, "fields": {"ingredient_category": 2, "ingredient_name": "\u0444\u0438\u043b\u0435 \u043a\u0443\u0440\u0438\u0446\u044b"}}, {"model": "rcps.ingredient", "pk": 4, "fields": {"ingredient_category": 3, "ingredient_name": "\u043c\u043e\u043b\u043e\u043a\u043e"}}, {"model": "rcps.ingredient", "pk": 5, "fields": {"ingredient_category": 3, "ingredient_name": "\u0441\u043b\u0438\u0432\u043a\u0438"}}, {"model": "rcps.ingredient", "pk": 6, "fields": {"ingredient_category": 4, "ingredient_name": "\u043f\u043e\u043c\u0438\u0434\u043e\u0440\u044b"}}, {"model": "rcps.ingredient", "pk": 7, "fields": {"ingredient_category": 4, "ingredient_name": "\u043c\u043e\u0440\u043a\u043e\u0432\u044c"}}, {"model": "rcps.ingredient", "pk": 8, "fields": {"ingredient_category": 4, "ingredient_name": "\u0441\u0435\u043b\u044c\u0434\u0435\u0440\u0435\u0439"}}, {"model": "rcps.ingredient", "pk": 9, "fields": {"ingredient_category": 9, "ingredient_name": "\u043a\u043b\u0443\u0431\u043d\u0438\u043a\u0430"}}, {"model": "rcps.ingredient", "pk": 10, "fields": {"ingredient_category": 6, "ingredient_name": "\u0433\u0440\u0435\u0447\u043a\u0430"}}, {"model": "rcps.ingredient", "pk": 11, "fields": {"ingredient_category": 6, "ingredient_name": "\u043c\u0443\u043a\u0430"}}, {"model": "rcps.ingredient", "pk": 12, "fields": {"ingredient_category": 6, "ingredient_name": "\u043a\u043e\u0444\u0435 \u043c\u043e\u043b\u043e\u0442\u044b\u0439"}}, {"model": "rcps.ingredient", "pk": 13, "fields": {"ingredient_category": 10, "ingredient_name": "\u044f\u0439\u0446\u043e \u043a\u0443\u0440\u0438\u043d\u043e\u0435"}}, {"model": "rcps.ingredient", "pk": 14, "fields": {"ingredient_category": 11, "ingredient_name": "\u0432\u043e\u0434\u0430"}}, {"model": "rcps.ingredient", "pk": 15, "fields": {"ingredient_category": 12, "ingredient_name": "\u0441\u0430\u0445\u0430\u0440"}}, {"model": "rcps.ingredient", "pk": 16, "fields": {"ingredient_category": 13, "ingredient_name": "\u043a\u043e\u0440\u0438\u0446\u0430"}}, {"model": "rcps.ingredient", "pk": 17, "fields": {"ingredient_category": 12, "ingredient_name": "\u0441\u043e\u043b\u044c"}}, {"model": "rcps.ingredient", "pk": 18, "fields": {"ingredient_category": 13, "ingredient_name": "\u043f\u0435\u0440\u0435\u0446"}}, {"model": "rcps.ingredient", "pk": 19, "fields": {"ingredient_category": 18, "ingredient_name": "\u043c\u0430\u0441\u043b\u043e \u0440\u0430\u0441\u0442\u0438\u0442\u0435\u043b\u044c\u043d\u043e\u0435"}}, {"model": "rcps.ingredient", "pk": 20, "fields": {"ingredient_category": 3, "ingredient_name": "\u043c\u0430\u0441\u043b\u043e \u0441\u043b\u0438\u0432\u043e\u0447\u043d\u043e\u0435"}}, {"model": "rcps.ingredient", "pk": 21, "fields": {"ingredient_category": 14, "ingredient_name": "\u0441\u0430\u043b\u044f\u043c\u0438"}}, {"model": "rcps.ingredient", "pk": 22, "fields": {"ingredient_category": 3, "ingredient_name": "\u0441\u044b\u0440"}}, {"model": "rcps.ingredient", "pk": 23, "fields": {"ingredient_category": 4, "ingredient_name": "\u043a\u0430\u0440\u0442\u043e\u0444\u0435\u043b\u044c"}}, {"model": "rcps.ingredient", "pk": 24, "fields": {"ingredient_category": 8, "ingredient_name": "\u0448\u0430\u043c\u043f\u0438\u043d\u044c\u043e\u043d\u044b"}}, {"model": "rcps.ingredient", "pk": 25, "fields": {"ingredient_category": 4, "ingredient_name": "\u043b\u0443\u043a"}}, {"model": "rcps.ingredient", "pk": 26, "fields": {"ingredient_category": 3, "ingredient_name": "\u0441\u043b\u0438\u0432\u043a\u0438 10%"}}, {"model": "rcps.ingredient", "pk": 27, "fields": {"ingredient_category": 6, "ingredient_name": "\u043a\u0440\u0430\u0445\u043c\u0430\u043b"}}, {"model": "rcps.ingredient", "pk": 28, "fields": {"ingredient_category": 15, "ingredient_name": "\u0432\u0438\u043d\u043e \u043a\u0440\u0430\u0441\u043d\u043e\u0435"}}, {"model": "rcps.ingredient", "pk": 29, "fields": {"ingredient_category": 11, "ingredient_name": "\u043a\u0443\u0440\u0438\u043d\u044b\u0439 \u0431\u0443\u043b\u044c\u043e\u043d"}}, {"model": "rcps.ingredient", "pk": 30, "fields": {"ingredient_category": 13, "ingredient_name": "\u0442\u0438\u043c\u044c\u044f\u043d"}}, {"model": "rcps.ingredient", "pk": 31, "fields": {"ingredient_category": 13, "ingredient_name": "\u043b\u0430\u0432\u0440\u043e\u0432\u044b\u0439 \u043b\u0438\u0441\u0442"}}, {"model": "rcps.ingredient", "pk": 32, "fields": {"ingredient_category": 16, "ingredient_name": "\u0431\u0430\u0442\u043e\u043d"}}, {"model": "rcps.ingredient", "pk": 33, "fields": {"ingredient_category": 3, "ingredient_name": "\u043f\u0430\u0440\u043c\u0435\u0437\u0430\u043d"}}, {"model": "rcps.ingredient", "pk": 34, "fields": {"ingredient_category": 3, "ingredient_name": "\u043c\u043e\u0446\u0430\u0440\u0435\u043b\u0430"}}, {"model": "rcps.ingredient", "pk": 35, "fields": {"ingredient_category": 1, "ingredient_name": "\u0442\u0443\u0448\u0435\u043d\u043a\u0430"}}, {"model": "rcps.ingredient", "pk": 36, "fields": {"ingredient_category": 12, "ingredient_name": "\u0442\u043e\u043c\u0430\u0442\u043d\u0430\u044f \u043f\u0430\u0441\u0442\u0430"}}, {"model": "rcps.ingredient", "pk": 37, "fields": {"ingredient_category": 4, "ingredient_name": "\u0447\u0435\u0441\u043d\u043e\u043a"}}, {"model": "rcps.ingredient", "pk": 38, "fields": {"ingredient_category": 6, "ingredient_name": "\u043c\u0430\u043a\u0430\u0440\u043e\u043d\u044b"}}, {"model": "rcps.ingredient", "pk": 39, "fields": {"ingredient_category": 17, "ingredient_name": "\u0443\u043a\u0440\u043e\u043f"}}, {"model": "rcps.ingredient", "pk": 40, "fields": {"ingredient_category": 16, "ingredient_name": "\u043f\u043e\u043b\u0438\u0440\u043e\u0432\u043e\u0447\u043d\u044b\u0435 \u0441\u0443\u0445\u0430\u0440\u0438"}}, {"model": "rcps.ingredient", "pk": 41, "fields": {"ingredient_category": 16, "ingredient_name": "\u0431\u0443\u0431\u043b\u0438\u043a\u0438"}}, {"model": "rcps.ingredient", "pk": 42, "fields": {"ingredient_category": 1, "ingredient_name": "\u0431\u0435\u043a\u043e\u043d"}}, {"model": "rcps.ingredient", "pk": 43, "fields": {"ingredient_category": 1, "ingredient_name": "\u0432\u0435\u0442\u0447\u0438\u043d\u0430"}}, {"model": "rcps.ingredient", "pk": 44, "fields": {"ingredient_category": 13, "ingredient_name": "\u043c\u0443\u0441\u043a\u0430\u0442\u043d\u044b\u0439 \u043e\u0440\u0435\u0445"}}, {"model": "rcps.ingredient", "pk": 45, "fields": {"ingredient_category": 1, "ingredient_name": "\u0441\u0432\u0438\u043d\u0438\u043d\u0430"}}, {"model": "rcps.ingredient", "pk": 46, "fields": {"ingredient_category": 18, "ingredient_name": "\u043c\u0430\u0441\u043b\u043e \u043e\u043b\u0438\u0432\u043a\u043e\u0432\u043e\u0435"}}, {"model": "rcps.ingredient", "pk": 47, "fields": {"ingredient_category": 13, "ingredient_name": "\u0440\u043e\u0437\u043c\u0430\u0440\u0438\u043d"}}, {"model": "rcps.ingredient", "pk": 48, "fields": {"ingredient_category": 13, "ingredient_name": "\u0441\u0443\u0448\u0451\u043d\u044b\u0439 \u0447\u0435\u0441\u043d\u043e\u043a"}}, {"model": "rcps.ingredient", "pk": 49, "fields": {"ingredient_category": 1, "ingredient_name": "\u0433\u043e\u0432\u044f\u0436\u0438\u0439 \u0441\u0442\u0435\u0439\u043a \u0440\u0438\u0431\u0430\u0439"}}, {"model": "rcps.ingredient", "pk": 50, "fields": {"ingredient_category": 3, "ingredient_name": "\u0441\u043b\u0438\u0432\u043a\u0438 \u0441\u0443\u0445\u0438\u0435"}}, {"model": "rcps.ingredientalternative", "pk": 1, "fields": {}}, {"model": "rcps.ingredientalternative", "pk": 2, "fields": {}}, {"model": "rcps.ingredientalternative", "pk": 3, "fields": {}}, {"model": "rcps.ingredientalternative", "pk": 4, "fields": {}}, {"model": "rcps.ingredientalternative", "pk": 5, "fields": {}}, {"model": "rcps.ingredientalternative", "pk": 6, "fields": {}}, {"model": "rcps.alternativeconsists", "pk": 1, "fields": {"ingredient_alternative": 1, "ingredient": 4, "quantity": "500 \u043c\u043b"}}, {"model": "rcps.alternativeconsists", "pk": 2, "fields": {"ingredient_alternative": 1, "ingredient": 27, "quantity": "50 \u0433\u0440"}}, {"model": "rcps.alternativeconsists", "pk": 3, "fields": {"ingredient_alternative": 2, "ingredient": 42, "quantity": "70 \u0433\u0440"}}, {"model": "rcps.alternativeconsists", "pk": 4, "fields": {"ingredient_alternative": 3, "ingredient": 43, "quantity": "70"}}, {"model": "rcps.alternativeconsists", "pk": 5, "fields": {"ingredient_alternative": 4, "ingredient": 5, "quantity": "500 \u043c\u043b"}}, {"model": "rcps.alternativeconsists", "pk": 6, "fields": {"ingredient_alternative": 4, "ingredient": 14, "quantity": "400 \u043c\u043b"}}, {"model": "rcps.alternativeconsists", "pk": 7, "fields": {"ingredient_alternative": 5, "ingredient": 48, "quantity": "3 \u0447. \u043b\u043e\u0436\u043a\u0438"}}, {"model": "rcps.alternativeconsists", "pk": 8, "fields": {"ingredient_alternative": 6, "ingredient": 5, "quantity": "50 \u043c\u043b"}}, {"model": "rcps.consist", "pk": 1, "fields": {"recipe": 1, "ingredient": 12, "quantity": "\u043f\u043e\u043b\u0442\u043e\u0440\u044b \u0447\u0430\u0439\u043d\u044b\u0435 \u043b\u043e\u0436\u043a\u0438"}}, {"model": "rcps.consist", "pk": 2, "fields": {"recipe": 1, "ingredient": 14, "quantity": "200 \u043c\u043b"}}, {"model": "rcps.consist", "pk": 3, "fields": {"recipe": 1, "ingredient": 50, "quantity": "2 \u0447\u0430\u0439\u043d\u044b\u0435 \u043b\u043e\u0436\u043a\u0438"}}, {"model": "rcps.consist", "pk": 4, "fields": {"recipe": 1, "ingredient": 15, "quantity": "\u0447\u0430\u0439\u043d\u0430\u044f \u043b\u043e\u0436\u043a\u0430"}}, {"model": "rcps.consist", "pk": 6, "fields": {"recipe": 2, "ingredient": 6, "quantity": "2 \u0448\u0442"}}, {"model": "rcps.consist", "pk": 7, "fields": {"recipe": 2, "ingredient": 13, "quantity": "4 \u0448\u0442"}}, {"model": "rcps.consist", "pk": 10, "fields": {"recipe": 2, "ingredient": 19, "quantity": "2 \u0441\u0442\u043e\u043b\u043e\u0432\u044b\u0445 \u043b\u043e\u0436\u043a\u0438"}}, {"model": "rcps.consist", "pk": 11, "fields": {"recipe": 3, "ingredient": 10, "quantity": "100 \u0433"}}, {"model": "rcps.consist", "pk": 12, "fields": {"recipe": 3, "ingredient": 4, "quantity": "0.5 \u043b"}}, {"model": "rcps.consist", "pk": 13, "fields": {"recipe": 3, "ingredient": 14, "quantity": "0.2 \u043b"}}, {"model": "rcps.consist", "pk": 14, "fields": {"recipe": 3, "ingredient": 20, "quantity": "20 \u0433"}}, {"model": "rcps.consist", "pk": 15, "fields": {"recipe": 3, "ingredient": 15, "quantity": "1 \u0441\u0442. \u043b\u043e\u0436\u043a\u0430"}}, {"model": "rcps.consist", "pk": 16, "fields": {"recipe": 3, "ingredient": 17, "quantity": "\u0449\u0435\u043f\u043e\u0442\u043a\u0430"}}, {"model": "rcps.consist", "pk": 17, "fields": {"recipe": 4, "ingredient": 13, "quantity": "4\u0448\u0442"}}, {"model": "rcps.consist", "pk": 18, "fields": {"recipe": 4, "ingredient": 21, "quantity": "70 \u0433\u0440"}}, {"model": "rcps.consist", "pk": 19, "fields": {"recipe": 4, "ingredient": 6, "quantity": "1 \u0448\u0442"}}, {"model": "rcps.consist", "pk": 20, "fields": {"recipe": 4, "ingredient": 22, "quantity": "150 \u0433\u0440"}}, {"model": "rcps.consist", "pk": 21, "fields": {"recipe": 5, "ingredient": 23, "quantity": "5 \u0448\u0442"}}, {"model": "rcps.consist", "pk": 22, "fields": {"recipe": 5, "ingredient": 24, "quantity": "400 \u0433\u0440"}}, {"model": "rcps.consist", "pk": 23, "fields": {"recipe": 5, "ingredient": 25, "quantity": "2 \u0448\u0442"}}, {"model": "rcps.consist", "pk": 24, "fields": {"recipe": 5, "ingredient": 26, "quantity": "500 \u043c\u043b"}}, {"model": "rcps.consist", "pk": 25, "fields": {"recipe": 6, "ingredient": 25, "quantity": "4 \u0448\u0442"}}, {"model": "rcps.consist", "pk": 26, "fields": {"recipe": 6, "ingredient": 20, "quantity": "100 \u0433\u0440"}}, {"model": "rcps.consist", "pk": 27, "fields": {"recipe": 6, "ingredient": 28, "quantity": "200 \u043c\u043b"}}, {"model": "rcps.consist", "pk": 28, "fields": {"recipe": 6, "ingredient": 29, "quantity": "400 \u043c\u043b"}}, {"model": "rcps.consist", "pk": 29, "fields": {"recipe": 6, "ingredient": 30, "quantity": "1 \u0432\u0435\u0442\u043e\u0447\u043a\u0430"}}, {"model": "rcps.consist", "pk": 30, "fields": {"recipe": 6, "ingredient": 31, "quantity": "2 \u0448\u0442"}}, {"model": "rcps.consist", "pk": 31, "fields": {"recipe": 6, "ingredient": 32, "quantity": "0.5 \u0448\u0442"}}, {"model": "rcps.consist", "pk": 32, "fields": {"recipe": 6, "ingredient": 33, "quantity": "50 \u0433\u0440"}}, {"model": "rcps.consist", "pk": 33, "fields": {"recipe": 6, "ingredient": 34, "quantity": "100 \u0433\u0440"}}, {"model": "rcps.consist", "pk": 34, "fields": {"recipe": 7, "ingredient": 23, "quantity": "5-7 \u0448\u0442"}}, {"model": "rcps.consist", "pk": 35, "fields": {"recipe": 7, "ingredient": 25, "quantity": "2 \u0448\u0442"}}, {"model": "rcps.consist", "pk": 36, "fields": {"recipe": 7, "ingredient": 35, "quantity": "2 \u0431\u0430\u043d\u043a\u0438"}}, {"model": "rcps.consist", "pk": 37, "fields": {"recipe": 7, "ingredient": 36, "quantity": "3 \u0441\u0442 \u043b\u043e\u0436\u043a\u0438"}}, {"model": "rcps.consist", "pk": 38, "fields": {"recipe": 7, "ingredient": 19, "quantity": "50 \u043c\u043b"}}, {"model": "rcps.consist", "pk": 39, "fields": {"recipe": 7, "ingredient": 37, "quantity": "4 \u0437\u0443\u0431\u0447\u0438\u043a\u0430"}}, {"model": "rcps.consist", "pk": 40, "fields": {"recipe": 7, "ingredient": 31, "quantity": "2 \u0448\u0442"}}, {"model": "rcps.consist", "pk": 41, "fields": {"recipe": 8, "ingredient": 38, "quantity": "1 \u043f\u0430\u0447\u043a\u0430"}}, {"model": "rcps.consist", "pk": 42, "fields": {"recipe": 8, "ingredient": 11, "quantity": "4 \u0441\u0442 \u043b\u043e\u0436\u043a\u0438"}}, {"model": "rcps.consist", "pk": 43, "fields": {"recipe": 8, "ingredient": 20, "quantity": "4 \u0441\u0442 \u043b\u043e\u0436\u043a\u0438"}}, {"model": "rcps.consist", "pk": 44, "fields": {"recipe": 8, "ingredient": 22, "quantity": "300 \u0433\u0440"}}, {"model": "rcps.consist", "pk": 45, "fields": {"recipe": 8, "ingredient": 4, "quantity": "1 \u043b"}}, {"model": "rcps.consist", "pk": 46, "fields": {"recipe": 9, "ingredient": 3, "quantity": "4 \u0448\u0442"}}, {"model": "rcps.consist", "pk": 47, "fields": {"recipe": 9, "ingredient": 20, "quantity": "200 \u0433\u0440"}}, {"model": "rcps.consist", "pk": 48, "fields": {"recipe": 9, "ingredient": 39, "quantity": "80 \u0433\u0440"}}, {"model": "rcps.consist", "pk": 49, "fields": {"recipe": 9, "ingredient": 11, "quantity": "200 \u0433\u0440"}}, {"model": "rcps.consist", "pk": 50, "fields": {"recipe": 9, "ingredient": 13, "quantity": "3 \u0448\u0442"}}, {"model": "rcps.consist", "pk": 51, "fields": {"recipe": 9, "ingredient": 19, "quantity": "1-2 \u043b"}}, {"model": "rcps.consist", "pk": 52, "fields": {"recipe": 9, "ingredient": 40, "quantity": "200 \u0433\u0440"}}, {"model": "rcps.consist", "pk": 53, "fields": {"recipe": 4, "ingredient": 41, "quantity": "2 \u0448\u0442"}}, {"model": "rcps.consist", "pk": 54, "fields": {"recipe": 10, "ingredient": 17, "quantity": "\u0449\u0435\u043f\u043e\u0442\u043a\u0430"}}, {"model": "rcps.consist", "pk": 55, "fields": {"recipe": 10, "ingredient": 18, "quantity": "\u043f\u043e \u0432\u043a\u0443\u0441\u0443"}}, {"model": "rcps.consist", "pk": 56, "fields": {"recipe": 10, "ingredient": 11, "quantity": "2 \u0441\u0442. \u043b\u043e\u0436\u043a\u0438"}}, {"model": "rcps.consist", "pk": 57, "fields": {"recipe": 10, "ingredient": 44, "quantity": "\u043f\u043e \u0432\u043a\u0443\u0441\u0443"}}, {"model": "rcps.consist", "pk": 58, "fields": {"recipe": 10, "ingredient": 20, "quantity": "100 \u0433\u0440"}}, {"model": "rcps.consist", "pk": 59, "fields": {"recipe": 10, "ingredient": 4, "quantity": "1 \u043b"}}, {"model": "rcps.consist", "pk": 60, "fields": {"recipe": 11, "ingredient": 45, "quantity": "2 \u043e\u0442\u0431\u0438\u0432\u043d\u044b\u0445"}}, {"model": "rcps.consist", "pk": 61, "fields": {"recipe": 11, "ingredient": 46, "quantity": "50 \u043c\u043b"}}, {"model": "rcps.consist", "pk": 62, "fields": {"recipe": 11, "ingredient": 47, "quantity": "\u0447\u0430\u0439\u043d\u0430\u044f \u043b\u043e\u0436\u043a\u0430"}}, {"model": "rcps.consist", "pk": 63, "fields": {"recipe": 11, "ingredient": 37, "quantity": "3 \u0437\u0443\u0431\u0447\u0438\u043a\u0430"}}, {"model": "rcps.consist", "pk": 64, "fields": {"recipe": 12, "ingredient": 49, "quantity": "1 \u0448\u0442"}}, {"model": "rcps.consist", "pk": 65, "fields": {"recipe": 12, "ingredient": 46, "quantity": "30 \u043c\u043b"}}, {"model": "rcps.consist", "pk": 66, "fields": {"recipe": 13, "ingredient": 4, "quantity": "\u043f\u0440\u0438\u043c\u0435\u0440\u043d\u043e 500 \u043c\u043b"}}, {"model": "rcps.consist", "pk": 67, "fields": {"recipe": 13, "ingredient": 17, "quantity": "\u0449\u0435\u043f\u043e\u0442\u043a\u0430"}}, {"model": "rcps.consist", "pk": 68, "fields": {"recipe": 13, "ingredient": 15, "quantity": "3 \u0441\u0442 \u043b\u043e\u0436\u043a\u0438"}}, {"model": "rcps.consist", "pk": 69, "fields": {"recipe": 13, "ingredient": 19, "quantity": "50 \u043c\u043b"}}, {"model": "rcps.consist", "pk": 70, "fields": {"recipe": 13, "ingredient": 13, "quantity": "2 \u0448\u0442"}}, {"model": "rcps.consist", "pk": 71, "fields": {"recipe": 13, "ingredient": 11, "quantity": "\u043f\u0440\u0438\u043c\u0435\u0440\u043d\u043e 200 \u0433\u0440"}}, {"model": "rcps.ingredientreplacement", "pk": 1, "fields": {"ingredient_entry": 24, "alternative": 1, "alternative_quality": 9}}, {"model": "rcps.ingredientreplacement", "pk": 2, "fields": {"ingredient_entry": 18, "alternative": 2, "alternative_quality": 10}}, {"model": "rcps.ingredientreplacement", "pk": 3, "fields": {"ingredient_entry": 18, "alternative": 3, "alternative_quality": 9}}, {"model": "rcps.ingredientreplacement", "pk": 4, "fields": {"ingredient_entry": 59, "alternative": 4, "alternative_quality": 7}}, {"model": "rcps.ingredientreplacement", "pk": 5, "fields": {"ingredient_entry": 63, "alternative": 5, "alternative_quality": 8}}, {"model": "rcps.ingredientreplacement", "pk": 6, "fields": {"ingredient_entry": 3, "alternative": 6, "alternative_quality": 10}}, {"model": "rcps.requires", "pk": 1, "fields": {"recipe": 1, "equipment": 2}}, {"model": "rcps.requires", "pk": 2, "fields": {"recipe": 2, "equipment": 3}}, {"model": "rcps.requires", "pk": 3, "fields": {"recipe": 2, "equipment": 4}}, {"model": "rcps.requires", "pk": 5, "fields": {"recipe": 3, "equipment": 6}}, {"model": "rcps.requires", "pk": 6, "fields": {"recipe": 4, "equipment": 7}}, {"model": "rcps.requires", "pk": 7, "fields": {"recipe": 5, "equipment": 6}}, {"model": "rcps.requires", "pk": 8, "fields": {"recipe": 5, "equipment": 7}}, {"model": "rcps.requires", "pk": 9, "fields": {"recipe": 6, "equipment": 6}}, {"model": "rcps.requires", "pk": 10, "fields": {"recipe": 6, "equipment": 9}}, {"model": "rcps.requires", "pk": 11, "fields": {"recipe": 7, "equipment": 7}}, {"model": "rcps.requires", "pk": 12, "fields": {"recipe": 8, "equipment": 10}}, {"model": "rcps.requires", "pk": 13, "fields": {"recipe": 9, "equipment": 10}}, {"model": "rcps.requires", "pk": 14, "fields": {"recipe": 10, "equipment": 11}}, {"model": "rcps.requires", "pk": 15, "fields": {"recipe": 10, "equipment": 13}}, {"model": "rcps.requires", "pk": 16, "fields": {"recipe": 10, "equipment": 4}}, {"model": "rcps.requires", "pk": 17, "fields": {"recipe": 10, "equipment": 14}}, {"model": "rcps.requires", "pk": 18, "fields": {"recipe": 10, "equipment": 15}}, {"model": "rcps.requires", "pk": 19, "fields": {"recipe": 9, "equipment": 17}}, {"model": "rcps.requires", "pk": 20, "fields": {"recipe": 11, "equipment": 4}}, {"model": "rcps.requires", "pk": 21, "fields": {"recipe": 11, "equipment": 7}}, {"model": "rcps.requires", "pk": 22, "fields": {"recipe": 11, "equipment": 18}}, {"model": "rcps.requires", "pk": 23, "fields": {"recipe": 11, "equipment": 15}}, {"model": "rcps.requires", "pk": 24, "fields": {"recipe": 11, "equipment": 3}}, {"model": "rcps.requires", "pk": 25, "fields": {"recipe": 12, "equipment": 20}}, {"model": "rcps.requires", "pk": 26, "fields": {"recipe": 12, "equipment": 7}}, {"model": "rcps.requires", "pk": 27, "fields": {"recipe": 12, "equipment": 19}}, {"model": "rcps.requires", "pk": 28, "fields": {"recipe": 13, "equipment": 13}}, {"model": "rcps.requires", "pk": 29, "fields": {"recipe": 13, "equipment": 21}}, {"model": "rcps.requires", "pk": 30, "fields": {"recipe": 13, "equipment": 22}}, {"model": "rcps.requires", "pk": 31, "fields": {"recipe": 13, "equipment": 23}}, {"model": "rcps.requires", "pk": 32, "fields": {"recipe": 13, "equipment": 18}}, {"model": "rcps.requires", "pk": 33, "fields": {"recipe": 13, "equipment": 5}}, {"model": "rcps.requires", "pk": 34, "fields": {"recipe": 13, "equipment": 24}}, {"model": "auth.user", "pk": 1, "fields": {"password": "pbkdf2_sha256$30000$aGWBe2gKWAJ2$9fuJaivLxu+U9V9lqcRcJ7tiJRJRfNX2GmeBoecar6U=", "last_login": "2016-12-19T11:24:58.848Z", "is_superuser": false, "username": "anna", "first_name": "", "last_name": "", "email": "", "is_staff": false, "is_active": true, "date_joined": "2016-12-17T18:06:50.000Z", "groups": [], "user_permissions": []}}, {"model": "auth.user", "pk": 2, "fields": {"password": "pbkdf2_sha256$30000$wuHphH5v1Mps$Qrx2jhsTmIJU4LUcwypvhKUNRSIzFtOW0nEY4+8+vFI=", "last_login": "2016-12-18T19:28:53.631Z", "is_superuser": true, "username": "admin", "first_name": "", "last_name": "", "email": "example@ex.com", "is_staff": true, "is_active": true, "date_joined": "2016-12-17T18:09:36.504Z", "groups": [], "user_permissions": []}}, {"model": "auth.user", "pk": 3, "fields": {"password": "pbkdf2_sha256$30000$gtOBc970JBAR$QBff9xEQ596Ey/TjM19jaVBzbfP6HxNXsVPnwbL4gCc=", "last_login": "2016-12-19T11:30:47.119Z", "is_superuser": false, "username": "leo", "first_name": "", "last_name": "", "email": "", "is_staff": false, "is_active": true, "date_joined": "2016-12-19T11:30:47.015Z", "groups": [], "user_permissions": []}}, {"model": "auth.user", "pk": 4, "fields": {"password": "pbkdf2_sha256$30000$kmdXe1rrdjhZ$ZdIr38guEuOR4OJD6UY3K/vV0mza4M6dWbKeUzNdrgo=", "last_login": "2016-12-19T12:00:31.488Z", "is_superuser": false, "username": "alex", "first_name": "", "last_name": "", "email": "", "is_staff": false, "is_active": true, "date_joined": "2016-12-19T12:00:00.444Z", "groups": [], "user_permissions": []}}, {"model": "sessions.session", "pk": "4yeqmnmvmv99damhh9m12s77a62wmgat", "fields": {"session_data": "M2I1ZmZmMWQzY2FlZTExOWI2NjIyOTg3YTAzZjcwZDcxMGE4ZjYzZjp7Il9hdXRoX3VzZXJfaWQiOiI0IiwiX2F1dGhfdXNlcl9oYXNoIjoiZmQ3NTI4OWJlMWMwMDgwNDE5NmVhNDU3ZWY2MTA5YWEwYWU4NzMyNSIsIl9hdXRoX3VzZXJfYmFja2VuZCI6ImRqYW5nby5jb250cmliLmF1dGguYmFja2VuZHMuTW9kZWxCYWNrZW5kIn0=", "expire_date": "2017-01-02T12:00:31.491Z"}}, {"model": "sessions.session", "pk": "5894ejyh84m30t0qhhk8nzi7zkuqjw0o", "fields": {"session_data": "ZWFjYzE2YmM3NjlhZDBlZmIzYTUzNDYyZDdkNzNiODllOGNjMTQwZDp7Il9hdXRoX3VzZXJfaWQiOiIyIiwiX2F1dGhfdXNlcl9oYXNoIjoiOWM3MzE1YzkyNzMwNDdkODc3MTNlYzQwMTJhZGEwN2RlZjk0ZWE3YSIsIl9hdXRoX3VzZXJfYmFja2VuZCI6ImRqYW5nby5jb250cmliLmF1dGguYmFja2VuZHMuTW9kZWxCYWNrZW5kIn0=", "expire_date": "2016-12-31T18:09:47.630Z"}}, {"model": "sessions.session", "pk": "gzzj32a3o79tf6hau9bgph5yob6zoly8", "fields": {"session_data": "YWFlZjQ1MGRiNTFiYThmZGQ4MDQ3YjViYmQwNjc1NTM0OGRiZDczZTp7Il9hdXRoX3VzZXJfaWQiOiIxIiwiX2F1dGhfdXNlcl9oYXNoIjoiMWE0OWIzMTYxYTY4NjllZmNkMTQ0ODFmODg0YjJiMGZkZTk0N2NlOCIsIl9hdXRoX3VzZXJfYmFja2VuZCI6ImRqYW5nby5jb250cmliLmF1dGguYmFja2VuZHMuTW9kZWxCYWNrZW5kIn0=", "expire_date": "2016-12-31T18:06:50.110Z"}}, {"model": "sessions.session", "pk": "ibrdelvuctqtns3o8uhemg5jenu891d5", "fields": {"session_data": "ZWFjYzE2YmM3NjlhZDBlZmIzYTUzNDYyZDdkNzNiODllOGNjMTQwZDp7Il9hdXRoX3VzZXJfaWQiOiIyIiwiX2F1dGhfdXNlcl9oYXNoIjoiOWM3MzE1YzkyNzMwNDdkODc3MTNlYzQwMTJhZGEwN2RlZjk0ZWE3YSIsIl9hdXRoX3VzZXJfYmFja2VuZCI6ImRqYW5nby5jb250cmliLmF1dGguYmFja2VuZHMuTW9kZWxCYWNrZW5kIn0=", "expire_date": "2017-01-01T19:28:53.635Z"}}, {"model": "admin.logentry", "pk": 1, "fields": {"action_time": "2016-12-17T18:11:09.371Z", "user": 2, "content_type": 9, "object_id": "1", "object_repr": "\u043f\u043e\u0441\u0443\u0434\u0430", "action_flag": 1, "change_message": "[{\"added\": {}}]"}}, {"model": "admin.logentry", "pk": 2, "fields": {"action_time": "2016-12-17T18:11:43.625Z", "user": 2, "content_type": 9, "object_id": "2", "object_repr": "\u0434\u043b\u044f \u0436\u0430\u0440\u043a\u0438", "action_flag": 1, "change_message": "[{\"added\": {}}]"}}, {"model": "admin.logentry", "pk": 3, "fields": {"action_time": "2016-12-17T18:11:51.568Z", "user": 2, "content_type": 9, "object_id": "3", "object_repr": "\u0434\u043b\u044f \u0432\u0430\u0440\u043a\u0438", "action_flag": 1, "change_message": "[{\"added\": {}}]"}}, {"model": "admin.logentry", "pk": 4, "fields": {"action_time": "2016-12-17T18:11:59.312Z", "user": 2, "content_type": 9, "object_id": "4", "object_repr": "\u0434\u043b\u044f \u0434\u0443\u0445\u043e\u0432\u043a\u0438", "action_flag": 1, "change_message": "[{\"added\": {}}]"}}, {"model": "admin.logentry", "pk": 5, "fields": {"action_time": "2016-12-17T18:12:49.489Z", "user": 2, "content_type": 9, "object_id": "5", "object_repr": "\u0431\u044b\u0442\u043e\u0432\u0430\u044f \u0442\u0435\u0445\u043d\u0438\u043a\u0430", "action_flag": 1, "change_message": "[{\"added\": {}}]"}}, {"model": "admin.logentry", "pk": 6, "fields": {"action_time": "2016-12-17T18:13:02.155Z", "user": 2, "content_type": 8, "object_id": "1", "object_repr": "\u043c\u044f\u0441\u043e", "action_flag": 1, "change_message": "[{\"added\": {}}]"}}, {"model": "admin.logentry", "pk": 7, "fields": {"action_time": "2016-12-17T18:13:07.929Z", "user": 2, "content_type": 8, "object_id": "2", "object_repr": "\u043f\u0442\u0438\u0446\u0430", "action_flag": 1, "change_message": "[{\"added\": {}}]"}}, {"model": "admin.logentry", "pk": 8, "fields": {"action_time": "2016-12-17T18:13:17.469Z", "user": 2, "content_type": 8, "object_id": "3", "object_repr": "\u043c\u043e\u043b\u043e\u0447\u043d\u044b\u0435 \u043f\u0440\u043e\u0434\u0443\u043a\u0442\u044b", "action_flag": 1, "change_message": "[{\"added\": {}}]"}}, {"model": "admin.logentry", "pk": 9, "fields": {"action_time": "2016-12-17T18:13:25.861Z", "user": 2, "content_type": 8, "object_id": "4", "object_repr": "\u043e\u0432\u043e\u0449\u0438", "action_flag": 1, "change_message": "[{\"added\": {}}]"}}, {"model": "admin.logentry", "pk": 10, "fields": {"action_time": "2016-12-17T18:13:31.600Z", "user": 2, "content_type": 8, "object_id": "5", "object_repr": "\u0444\u0440\u0443\u043a\u0442\u044b", "action_flag": 1, "change_message": "[{\"added\": {}}]"}}, {"model": "admin.logentry", "pk": 11, "fields": {"action_time": "2016-12-17T18:17:03.131Z", "user": 2, "content_type": 8, "object_id": "6", "object_repr": "\u043a\u0440\u0443\u043f\u044b", "action_flag": 1, "change_message": "[{\"added\": {}}]"}}, {"model": "admin.logentry", "pk": 12, "fields": {"action_time": "2016-12-17T18:17:35.441Z", "user": 2, "content_type": 8, "object_id": "7", "object_repr": "\u0440\u044b\u0431\u0430", "action_flag": 1, "change_message": "[{\"added\": {}}]"}}, {"model": "admin.logentry", "pk": 13, "fields": {"action_time": "2016-12-17T18:17:57.361Z", "user": 2, "content_type": 8, "object_id": "8", "object_repr": "\u0433\u0440\u0438\u0431\u044b", "action_flag": 1, "change_message": "[{\"added\": {}}]"}}, {"model": "admin.logentry", "pk": 14, "fields": {"action_time": "2016-12-17T18:18:44.531Z", "user": 2, "content_type": 11, "object_id": "1", "object_repr": "\u0433\u043e\u0432\u044f\u0434\u0438\u043d\u0430", "action_flag": 1, "change_message": "[{\"added\": {}}]"}}, {"model": "admin.logentry", "pk": 15, "fields": {"action_time": "2016-12-17T18:18:58.311Z", "user": 2, "content_type": 11, "object_id": "2", "object_repr": "\u0444\u0430\u0440\u0448", "action_flag": 1, "change_message": "[{\"added\": {}}]"}}, {"model": "admin.logentry", "pk": 16, "fields": {"action_time": "2016-12-17T18:19:07.527Z", "user": 2, "content_type": 11, "object_id": "3", "object_repr": "\u0444\u0438\u043b\u0435 \u043a\u0443\u0440\u0438\u0446\u044b", "action_flag": 1, "change_message": "[{\"added\": {}}]"}}, {"model": "admin.logentry", "pk": 17, "fields": {"action_time": "2016-12-17T18:19:15.953Z", "user": 2, "content_type": 11, "object_id": "4", "object_repr": "\u043c\u043e\u043b\u043e\u043a\u043e", "action_flag": 1, "change_message": "[{\"added\": {}}]"}}, {"model": "admin.logentry", "pk": 18, "fields": {"action_time": "2016-12-17T18:19:24.434Z", "user": 2, "content_type": 11, "object_id": "5", "object_repr": "\u0441\u043b\u0438\u0432\u043a\u0438", "action_flag": 1, "change_message": "[{\"added\": {}}]"}}, {"model": "admin.logentry", "pk": 19, "fields": {"action_time": "2016-12-17T18:19:32.054Z", "user": 2, "content_type": 11, "object_id": "6", "object_repr": "\u043f\u043e\u043c\u0438\u0434\u043e\u0440\u044b", "action_flag": 1, "change_message": "[{\"added\": {}}]"}}, {"model": "admin.logentry", "pk": 20, "fields": {"action_time": "2016-12-17T18:19:39.342Z", "user": 2, "content_type": 11, "object_id": "7", "object_repr": "\u043c\u043e\u0440\u043a\u043e\u0432\u044c", "action_flag": 1, "change_message": "[{\"added\": {}}]"}}, {"model": "admin.logentry", "pk": 21, "fields": {"action_time": "2016-12-17T18:19:51.048Z", "user": 2, "content_type": 11, "object_id": "8", "object_repr": "\u0441\u0435\u043b\u044c\u0434\u0435\u0440\u0435\u0439", "action_flag": 1, "change_message": "[{\"added\": {}}]"}}, {"model": "admin.logentry", "pk": 22, "fields": {"action_time": "2016-12-17T18:20:01.258Z", "user": 2, "content_type": 8, "object_id": "9", "object_repr": "\u044f\u0433\u043e\u0434\u044b", "action_flag": 1, "change_message": "[{\"added\": {}}]"}}, {"model": "admin.logentry", "pk": 23, "fields": {"action_time": "2016-12-17T18:20:13.891Z", "user": 2, "content_type": 8, "object_id": "9", "object_repr": "\u044f\u0433\u043e\u0434\u044b", "action_flag": 2, "change_message": "[]"}}, {"model": "admin.logentry", "pk": 24, "fields": {"action_time": "2016-12-17T18:20:22.485Z", "user": 2, "content_type": 11, "object_id": "9", "object_repr": "\u043a\u043b\u0443\u0431\u043d\u0438\u043a\u0430", "action_flag": 1, "change_message": "[{\"added\": {}}]"}}, {"model": "admin.logentry", "pk": 25, "fields": {"action_time": "2016-12-17T18:20:37.439Z", "user": 2, "content_type": 11, "object_id": "10", "object_repr": "\u0433\u0440\u0435\u0447\u043a\u0430", "action_flag": 1, "change_message": "[{\"added\": {}}]"}}, {"model": "admin.logentry", "pk": 26, "fields": {"action_time": "2016-12-17T18:21:07.680Z", "user": 2, "content_type": 8, "object_id": "6", "object_repr": "\u0437\u0435\u0440\u043d\u043e\u0432\u044b\u0435 \u043f\u0440\u043e\u0434\u0443\u043a\u0442\u044b", "action_flag": 2, "change_message": "[{\"changed\": {\"fields\": [\"icategory_name\"]}}]"}}, {"model": "admin.logentry", "pk": 27, "fields": {"action_time": "2016-12-17T18:21:10.384Z", "user": 2, "content_type": 11, "object_id": "11", "object_repr": "\u043c\u0443\u043a\u0430", "action_flag": 1, "change_message": "[{\"added\": {}}]"}}, {"model": "admin.logentry", "pk": 28, "fields": {"action_time": "2016-12-17T18:21:24.181Z", "user": 2, "content_type": 11, "object_id": "10", "object_repr": "\u0433\u0440\u0435\u0447\u043a\u0430", "action_flag": 2, "change_message": "[]"}}, {"model": "admin.logentry", "pk": 29, "fields": {"action_time": "2016-12-17T18:22:14.543Z", "user": 2, "content_type": 11, "object_id": "12", "object_repr": "\u043a\u043e\u0444\u0435 \u043c\u043e\u043b\u043e\u0442\u044b\u0439", "action_flag": 1, "change_message": "[{\"added\": {}}]"}}, {"model": "admin.logentry", "pk": 30, "fields": {"action_time": "2016-12-17T18:22:42.011Z", "user": 2, "content_type": 8, "object_id": "10", "object_repr": "\u044f\u0438\u0447\u043d\u044b\u0435 \u043f\u0440\u043e\u0434\u0443\u043a\u0442\u044b", "action_flag": 1, "change_message": "[{\"added\": {}}]"}}, {"model": "admin.logentry", "pk": 31, "fields": {"action_time": "2016-12-17T18:22:49.776Z", "user": 2, "content_type": 11, "object_id": "13", "object_repr": "\u044f\u0439\u0446\u043e \u043a\u0443\u0440\u0438\u043d\u043e\u0435", "action_flag": 1, "change_message": "[{\"added\": {}}]"}}, {"model": "admin.logentry", "pk": 32, "fields": {"action_time": "2016-12-17T18:29:37.449Z", "user": 2, "content_type": 8, "object_id": "11", "object_repr": "\u0436\u0438\u0434\u043a\u043e\u0441\u0442\u0438", "action_flag": 1, "change_message": "[{\"added\": {}}]"}}, {"model": "admin.logentry", "pk": 33, "fields": {"action_time": "2016-12-17T18:29:42.567Z", "user": 2, "content_type": 11, "object_id": "14", "object_repr": "\u0432\u043e\u0434\u0430", "action_flag": 1, "change_message": "[{\"added\": {}}]"}}, {"model": "admin.logentry", "pk": 34, "fields": {"action_time": "2016-12-17T18:30:44.912Z", "user": 2, "content_type": 1, "object_id": "1", "object_repr": "\u0436\u0435\u043b\u0435\u0437\u043d\u0430\u044f \u043a\u0440\u0443\u0436\u043a\u0430", "action_flag": 1, "change_message": "[{\"added\": {}}]"}}, {"model": "admin.logentry", "pk": 35, "fields": {"action_time": "2016-12-17T18:30:58.338Z", "user": 2, "content_type": 1, "object_id": "2", "object_repr": "\u0442\u0443\u0440\u043a\u0430", "action_flag": 1, "change_message": "[{\"added\": {}}]"}}, {"model": "admin.logentry", "pk": 36, "fields": {"action_time": "2016-12-17T18:50:19.565Z", "user": 2, "content_type": 8, "object_id": "12", "object_repr": "\u0432\u043a\u0443\u0441\u043e\u0432\u044b\u0435 \u0434\u043e\u0431\u0430\u0432\u043a\u0438", "action_flag": 1, "change_message": "[{\"added\": {}}]"}}, {"model": "admin.logentry", "pk": 37, "fields": {"action_time": "2016-12-17T18:50:36.613Z", "user": 2, "content_type": 11, "object_id": "15", "object_repr": "\u0441\u0430\u0445\u0430\u0440", "action_flag": 1, "change_message": "[{\"added\": {}}]"}}, {"model": "admin.logentry", "pk": 38, "fields": {"action_time": "2016-12-17T18:51:26.329Z", "user": 2, "content_type": 8, "object_id": "13", "object_repr": "\u043f\u0440\u044f\u043d\u043e\u0441\u0442\u0438", "action_flag": 1, "change_message": "[{\"added\": {}}]"}}, {"model": "admin.logentry", "pk": 39, "fields": {"action_time": "2016-12-17T18:51:32.060Z", "user": 2, "content_type": 11, "object_id": "16", "object_repr": "\u043f\u043e \u0432\u043a\u0443\u0441\u0443", "action_flag": 1, "change_message": "[{\"added\": {}}]"}}, {"model": "admin.logentry", "pk": 40, "fields": {"action_time": "2016-12-17T18:51:45.746Z", "user": 2, "content_type": 11, "object_id": "16", "object_repr": "\u043a\u043e\u0440\u0438\u0446\u0430", "action_flag": 2, "change_message": "[{\"changed\": {\"fields\": [\"ingredient_name\"]}}]"}}, {"model": "admin.logentry", "pk": 41, "fields": {"action_time": "2016-12-17T18:51:55.967Z", "user": 2, "content_type": 3, "object_id": "1", "object_repr": "\u043a\u043e\u0444\u0435 \u0441\u043e \u0441\u043b\u0438\u0432\u043a\u0430\u043c\u0438", "action_flag": 1, "change_message": "[{\"added\": {}}, {\"added\": {\"name\": \"consist\", \"object\": \"\\u043a\\u043e\\u0444\\u0435 \\u043c\\u043e\\u043b\\u043e\\u0442\\u044b\\u0439 \\u0432 \\u043a\\u043e\\u0444\\u0435 \\u0441\\u043e \\u0441\\u043b\\u0438\\u0432\\u043a\\u0430\\u043c\\u0438\"}}, {\"added\": {\"name\": \"consist\", \"object\": \"\\u0432\\u043e\\u0434\\u0430 \\u0432 \\u043a\\u043e\\u0444\\u0435 \\u0441\\u043e \\u0441\\u043b\\u0438\\u0432\\u043a\\u0430\\u043c\\u0438\"}}, {\"added\": {\"name\": \"consist\", \"object\": \"\\u0441\\u043b\\u0438\\u0432\\u043a\\u0438 \\u0432 \\u043a\\u043e\\u0444\\u0435 \\u0441\\u043e \\u0441\\u043b\\u0438\\u0432\\u043a\\u0430\\u043c\\u0438\"}}, {\"added\": {\"name\": \"consist\", \"object\": \"\\u0441\\u0430\\u0445\\u0430\\u0440 \\u0432 \\u043a\\u043e\\u0444\\u0435 \\u0441\\u043e \\u0441\\u043b\\u0438\\u0432\\u043a\\u0430\\u043c\\u0438\"}}, {\"added\": {\"name\": \"consist\", \"object\": \"\\u043a\\u043e\\u0440\\u0438\\u0446\\u0430 \\u0432 \\u043a\\u043e\\u0444\\u0435 \\u0441\\u043e \\u0441\\u043b\\u0438\\u0432\\u043a\\u0430\\u043c\\u0438\"}}, {\"added\": {\"name\": \"requires\", \"object\": \"Requires object\"}}]"}}, {"model": "admin.logentry", "pk": 42, "fields": {"action_time": "2016-12-17T18:52:14.835Z", "user": 2, "content_type": 6, "object_id": "1", "object_repr": "\u043a \u0437\u0430\u0432\u0442\u0440\u0430\u043a\u0443", "action_flag": 1, "change_message": "[{\"added\": {}}]"}}, {"model": "admin.logentry", "pk": 43, "fields": {"action_time": "2016-12-17T18:58:53.165Z", "user": 2, "content_type": 11, "object_id": "17", "object_repr": "\u0441\u043e\u043b\u044c", "action_flag": 1, "change_message": "[{\"added\": {}}]"}}, {"model": "admin.logentry", "pk": 44, "fields": {"action_time": "2016-12-17T18:59:22.812Z", "user": 2, "content_type": 11, "object_id": "18", "object_repr": "\u043f\u0435\u0440\u0435\u0446", "action_flag": 1, "change_message": "[{\"added\": {}}]"}}, {"model": "admin.logentry", "pk": 45, "fields": {"action_time": "2016-12-17T18:59:36.507Z", "user": 2, "content_type": 11, "object_id": "19", "object_repr": "\u043c\u0430\u0441\u043b\u043e", "action_flag": 1, "change_message": "[{\"added\": {}}]"}}, {"model": "admin.logentry", "pk": 46, "fields": {"action_time": "2016-12-17T19:00:13.058Z", "user": 2, "content_type": 1, "object_id": "3", "object_repr": "\u043f\u0440\u043e\u0442\u0438\u0432\u0435\u043d\u044c", "action_flag": 1, "change_message": "[{\"added\": {}}]"}}, {"model": "admin.logentry", "pk": 47, "fields": {"action_time": "2016-12-17T19:00:49.806Z", "user": 2, "content_type": 1, "object_id": "4", "object_repr": "\u043d\u043e\u0436", "action_flag": 1, "change_message": "[{\"added\": {}}]"}}, {"model": "admin.logentry", "pk": 48, "fields": {"action_time": "2016-12-17T19:01:06.946Z", "user": 2, "content_type": 1, "object_id": "5", "object_repr": "\u043b\u043e\u0436\u043a\u0430", "action_flag": 1, "change_message": "[{\"added\": {}}]"}}, {"model": "admin.logentry", "pk": 49, "fields": {"action_time": "2016-12-17T19:02:36.018Z", "user": 2, "content_type": 3, "object_id": "2", "object_repr": "\u041f\u043e\u043c\u0438\u0434\u043e\u0440 \u0437\u0430\u043f\u0435\u0447\u0435\u043d\u043d\u044b\u0439 \u0441 \u044f\u0439\u0446\u043e\u043c", "action_flag": 1, "change_message": "[{\"added\": {}}, {\"added\": {\"name\": \"consist\", \"object\": \"\\u043f\\u043e\\u043c\\u0438\\u0434\\u043e\\u0440\\u044b \\u0432 \\u041f\\u043e\\u043c\\u0438\\u0434\\u043e\\u0440 \\u0437\\u0430\\u043f\\u0435\\u0447\\u0435\\u043d\\u043d\\u044b\\u0439 \\u0441 \\u044f\\u0439\\u0446\\u043e\\u043c\"}}, {\"added\": {\"name\": \"consist\", \"object\": \"\\u044f\\u0439\\u0446\\u043e \\u043a\\u0443\\u0440\\u0438\\u043d\\u043e\\u0435 \\u0432 \\u041f\\u043e\\u043c\\u0438\\u0434\\u043e\\u0440 \\u0437\\u0430\\u043f\\u0435\\u0447\\u0435\\u043d\\u043d\\u044b\\u0439 \\u0441 \\u044f\\u0439\\u0446\\u043e\\u043c\"}}, {\"added\": {\"name\": \"consist\", \"object\": \"\\u0441\\u043e\\u043b\\u044c \\u0432 \\u041f\\u043e\\u043c\\u0438\\u0434\\u043e\\u0440 \\u0437\\u0430\\u043f\\u0435\\u0447\\u0435\\u043d\\u043d\\u044b\\u0439 \\u0441 \\u044f\\u0439\\u0446\\u043e\\u043c\"}}, {\"added\": {\"name\": \"consist\", \"object\": \"\\u043f\\u0435\\u0440\\u0435\\u0446 \\u0432 \\u041f\\u043e\\u043c\\u0438\\u0434\\u043e\\u0440 \\u0437\\u0430\\u043f\\u0435\\u0447\\u0435\\u043d\\u043d\\u044b\\u0439 \\u0441 \\u044f\\u0439\\u0446\\u043e\\u043c\"}}, {\"added\": {\"name\": \"consist\", \"object\": \"\\u043c\\u0430\\u0441\\u043b\\u043e \\u0432 \\u041f\\u043e\\u043c\\u0438\\u0434\\u043e\\u0440 \\u0437\\u0430\\u043f\\u0435\\u0447\\u0435\\u043d\\u043d\\u044b\\u0439 \\u0441 \\u044f\\u0439\\u0446\\u043e\\u043c\"}}, {\"added\": {\"name\": \"requires\", \"object\": \"Requires object\"}}, {\"added\": {\"name\": \"requires\", \"object\": \"Requires object\"}}, {\"added\": {\"name\": \"requires\", \"object\": \"Requires object\"}}]"}}, {"model": "admin.logentry", "pk": 50, "fields": {"action_time": "2016-12-17T19:04:56.654Z", "user": 2, "content_type": 6, "object_id": "2", "object_repr": "\u0432 \u0434\u0443\u0445\u043e\u0432\u043a\u0435", "action_flag": 1, "change_message": "[{\"added\": {}}]"}}, {"model": "admin.logentry", "pk": 51, "fields": {"action_time": "2016-12-17T19:05:33.026Z", "user": 2, "content_type": 3, "object_id": "2", "object_repr": "\u041f\u043e\u043c\u0438\u0434\u043e\u0440 \u0437\u0430\u043f\u0435\u0447\u0435\u043d\u043d\u044b\u0439 \u0441 \u044f\u0439\u0446\u043e\u043c", "action_flag": 2, "change_message": "[{\"changed\": {\"fields\": [\"recipe_link\"]}}]"}}, {"model": "admin.logentry", "pk": 52, "fields": {"action_time": "2016-12-17T19:07:07.346Z", "user": 2, "content_type": 3, "object_id": "2", "object_repr": "\u041f\u043e\u043c\u0438\u0434\u043e\u0440 \u0437\u0430\u043f\u0435\u0447\u0435\u043d\u043d\u044b\u0439 \u0441 \u044f\u0439\u0446\u043e\u043c", "action_flag": 2, "change_message": "[{\"changed\": {\"fields\": [\"recipe_link\"]}}]"}}, {"model": "admin.logentry", "pk": 53, "fields": {"action_time": "2016-12-18T19:30:59.307Z", "user": 2, "content_type": 11, "object_id": "20", "object_repr": "\u043c\u0430\u0441\u043b\u043e \u0441\u043b\u0438\u0432\u043e\u0447\u043d\u043e\u0435", "action_flag": 1, "change_message": "[{\"added\": {}}]"}}, {"model": "admin.logentry", "pk": 54, "fields": {"action_time": "2016-12-18T19:32:41.074Z", "user": 2, "content_type": 1, "object_id": "6", "object_repr": "\u043a\u0430\u0441\u0442\u0440\u044e\u043b\u044f", "action_flag": 1, "change_message": "[{\"added\": {}}]"}}, {"model": "admin.logentry", "pk": 55, "fields": {"action_time": "2016-12-18T19:33:08.624Z", "user": 2, "content_type": 3, "object_id": "3", "object_repr": "\u0433\u0440\u0435\u0447\u043d\u0435\u0432\u0430\u044f \u043a\u0430\u0448\u0430 \u0441 \u043c\u043e\u043b\u043e\u043a\u043e\u043c", "action_flag": 1, "change_message": "[{\"added\": {}}, {\"added\": {\"object\": \"\\u0433\\u0440\\u0435\\u0447\\u043a\\u0430 \\u0432 \\u0433\\u0440\\u0435\\u0447\\u043d\\u0435\\u0432\\u0430\\u044f \\u043a\\u0430\\u0448\\u0430 \\u0441 \\u043c\\u043e\\u043b\\u043e\\u043a\\u043e\\u043c\", \"name\": \"consist\"}}, {\"added\": {\"object\": \"\\u043c\\u043e\\u043b\\u043e\\u043a\\u043e \\u0432 \\u0433\\u0440\\u0435\\u0447\\u043d\\u0435\\u0432\\u0430\\u044f \\u043a\\u0430\\u0448\\u0430 \\u0441 \\u043c\\u043e\\u043b\\u043e\\u043a\\u043e\\u043c\", \"name\": \"consist\"}}, {\"added\": {\"object\": \"\\u0432\\u043e\\u0434\\u0430 \\u0432 \\u0433\\u0440\\u0435\\u0447\\u043d\\u0435\\u0432\\u0430\\u044f \\u043a\\u0430\\u0448\\u0430 \\u0441 \\u043c\\u043e\\u043b\\u043e\\u043a\\u043e\\u043c\", \"name\": \"consist\"}}, {\"added\": {\"object\": \"\\u043c\\u0430\\u0441\\u043b\\u043e \\u0441\\u043b\\u0438\\u0432\\u043e\\u0447\\u043d\\u043e\\u0435 \\u0432 \\u0433\\u0440\\u0435\\u0447\\u043d\\u0435\\u0432\\u0430\\u044f \\u043a\\u0430\\u0448\\u0430 \\u0441 \\u043c\\u043e\\u043b\\u043e\\u043a\\u043e\\u043c\", \"name\": \"consist\"}}, {\"added\": {\"object\": \"\\u0441\\u0430\\u0445\\u0430\\u0440 \\u0432 \\u0433\\u0440\\u0435\\u0447\\u043d\\u0435\\u0432\\u0430\\u044f \\u043a\\u0430\\u0448\\u0430 \\u0441 \\u043c\\u043e\\u043b\\u043e\\u043a\\u043e\\u043c\", \"name\": \"consist\"}}, {\"added\": {\"object\": \"\\u0441\\u043e\\u043b\\u044c \\u0432 \\u0433\\u0440\\u0435\\u0447\\u043d\\u0435\\u0432\\u0430\\u044f \\u043a\\u0430\\u0448\\u0430 \\u0441 \\u043c\\u043e\\u043b\\u043e\\u043a\\u043e\\u043c\", \"name\": \"consist\"}}, {\"added\": {\"object\": \"Requires object\", \"name\": \"requires\"}}]"}}, {"model": "admin.logentry", "pk": 56, "fields": {"action_time": "2016-12-18T19:33:35.705Z", "user": 2, "content_type": 6, "object_id": "1", "object_repr": "\u043a \u0437\u0430\u0432\u0442\u0440\u0430\u043a\u0443", "action_flag": 2, "change_message": "[]"}}, {"model": "admin.logentry", "pk": 57, "fields": {"action_time": "2016-12-18T19:36:18.704Z", "user": 2, "content_type": 8, "object_id": "14", "object_repr": "\u043a\u043e\u043b\u0431\u0430\u0441\u044b", "action_flag": 1, "change_message": "[{\"added\": {}}]"}}, {"model": "admin.logentry", "pk": 58, "fields": {"action_time": "2016-12-18T19:36:19.717Z", "user": 2, "content_type": 11, "object_id": "21", "object_repr": "\u0441\u0430\u043b\u044f\u043c\u0438", "action_flag": 1, "change_message": "[{\"added\": {}}]"}}, {"model": "admin.logentry", "pk": 59, "fields": {"action_time": "2016-12-18T19:36:44.872Z", "user": 2, "content_type": 11, "object_id": "22", "object_repr": "\u0441\u044b\u0440", "action_flag": 1, "change_message": "[{\"added\": {}}]"}}, {"model": "admin.logentry", "pk": 60, "fields": {"action_time": "2016-12-18T19:37:25.657Z", "user": 2, "content_type": 1, "object_id": "7", "object_repr": "\u0441\u043a\u043e\u0432\u043e\u0440\u043e\u0434\u0430", "action_flag": 1, "change_message": "[{\"added\": {}}]"}}, {"model": "admin.logentry", "pk": 61, "fields": {"action_time": "2016-12-18T19:38:05.029Z", "user": 2, "content_type": 3, "object_id": "4", "object_repr": "\u0431\u0443\u0431\u043b\u0438\u043a-\u0431\u0443\u0442\u0435\u0440", "action_flag": 1, "change_message": "[{\"added\": {}}, {\"added\": {\"object\": \"\\u044f\\u0439\\u0446\\u043e \\u043a\\u0443\\u0440\\u0438\\u043d\\u043e\\u0435 \\u0432 \\u0431\\u0443\\u0431\\u043b\\u0438\\u043a-\\u0431\\u0443\\u0442\\u0435\\u0440\", \"name\": \"consist\"}}, {\"added\": {\"object\": \"\\u0441\\u0430\\u043b\\u044f\\u043c\\u0438 \\u0432 \\u0431\\u0443\\u0431\\u043b\\u0438\\u043a-\\u0431\\u0443\\u0442\\u0435\\u0440\", \"name\": \"consist\"}}, {\"added\": {\"object\": \"\\u043f\\u043e\\u043c\\u0438\\u0434\\u043e\\u0440\\u044b \\u0432 \\u0431\\u0443\\u0431\\u043b\\u0438\\u043a-\\u0431\\u0443\\u0442\\u0435\\u0440\", \"name\": \"consist\"}}, {\"added\": {\"object\": \"\\u0441\\u044b\\u0440 \\u0432 \\u0431\\u0443\\u0431\\u043b\\u0438\\u043a-\\u0431\\u0443\\u0442\\u0435\\u0440\", \"name\": \"consist\"}}, {\"added\": {\"object\": \"Requires object\", \"name\": \"requires\"}}]"}}, {"model": "admin.logentry", "pk": 62, "fields": {"action_time": "2016-12-18T19:38:16.859Z", "user": 2, "content_type": 6, "object_id": "1", "object_repr": "\u043a \u0437\u0430\u0432\u0442\u0440\u0430\u043a\u0443", "action_flag": 2, "change_message": "[]"}}, {"model": "admin.logentry", "pk": 63, "fields": {"action_time": "2016-12-18T19:39:38.515Z", "user": 2, "content_type": 11, "object_id": "23", "object_repr": "\u043a\u0430\u0440\u0442\u043e\u0444\u0435\u043b\u044c", "action_flag": 1, "change_message": "[{\"added\": {}}]"}}, {"model": "admin.logentry", "pk": 64, "fields": {"action_time": "2016-12-18T19:39:58.397Z", "user": 2, "content_type": 11, "object_id": "24", "object_repr": "\u0448\u0430\u043c\u043f\u0438\u043d\u044c\u043e\u043d\u044b", "action_flag": 1, "change_message": "[{\"added\": {}}]"}}, {"model": "admin.logentry", "pk": 65, "fields": {"action_time": "2016-12-18T19:40:52.279Z", "user": 2, "content_type": 11, "object_id": "25", "object_repr": "\u043b\u0443\u043a", "action_flag": 1, "change_message": "[{\"added\": {}}]"}}, {"model": "admin.logentry", "pk": 66, "fields": {"action_time": "2016-12-18T19:41:43.732Z", "user": 2, "content_type": 11, "object_id": "26", "object_repr": "\u0441\u043b\u0438\u0432\u043a\u0438 10%", "action_flag": 1, "change_message": "[{\"added\": {}}]"}}, {"model": "admin.logentry", "pk": 67, "fields": {"action_time": "2016-12-18T19:42:59.220Z", "user": 2, "content_type": 3, "object_id": "5", "object_repr": "\u0433\u0440\u0438\u0431\u043d\u043e\u0439 \u043a\u0440\u0435\u043c-\u0441\u0443\u043f", "action_flag": 1, "change_message": "[{\"added\": {}}, {\"added\": {\"object\": \"\\u043a\\u0430\\u0440\\u0442\\u043e\\u0444\\u0435\\u043b\\u044c \\u0432 \\u0433\\u0440\\u0438\\u0431\\u043d\\u043e\\u0439 \\u043a\\u0440\\u0435\\u043c-\\u0441\\u0443\\u043f\", \"name\": \"consist\"}}, {\"added\": {\"object\": \"\\u0448\\u0430\\u043c\\u043f\\u0438\\u043d\\u044c\\u043e\\u043d\\u044b \\u0432 \\u0433\\u0440\\u0438\\u0431\\u043d\\u043e\\u0439 \\u043a\\u0440\\u0435\\u043c-\\u0441\\u0443\\u043f\", \"name\": \"consist\"}}, {\"added\": {\"object\": \"\\u043b\\u0443\\u043a \\u0432 \\u0433\\u0440\\u0438\\u0431\\u043d\\u043e\\u0439 \\u043a\\u0440\\u0435\\u043c-\\u0441\\u0443\\u043f\", \"name\": \"consist\"}}, {\"added\": {\"object\": \"\\u0441\\u043b\\u0438\\u0432\\u043a\\u0438 10% \\u0432 \\u0433\\u0440\\u0438\\u0431\\u043d\\u043e\\u0439 \\u043a\\u0440\\u0435\\u043c-\\u0441\\u0443\\u043f\", \"name\": \"consist\"}}, {\"added\": {\"object\": \"Requires object\", \"name\": \"requires\"}}, {\"added\": {\"object\": \"Requires object\", \"name\": \"requires\"}}]"}}, {"model": "admin.logentry", "pk": 68, "fields": {"action_time": "2016-12-18T19:43:12.996Z", "user": 2, "content_type": 6, "object_id": "3", "object_repr": "\u0441\u0443\u043f\u044b", "action_flag": 1, "change_message": "[{\"added\": {}}]"}}, {"model": "admin.logentry", "pk": 69, "fields": {"action_time": "2016-12-18T19:43:49.850Z", "user": 2, "content_type": 11, "object_id": "27", "object_repr": "\u043a\u0440\u0430\u0445\u043c\u0430\u043b", "action_flag": 1, "change_message": "[{\"added\": {}}]"}}, {"model": "admin.logentry", "pk": 70, "fields": {"action_time": "2016-12-18T19:44:24.105Z", "user": 2, "content_type": 12, "object_id": "1", "object_repr": "\u043a\u0440\u0430\u0445\u043c\u0430\u043b, \u043c\u043e\u043b\u043e\u043a\u043e", "action_flag": 1, "change_message": "[{\"added\": {}}, {\"added\": {\"object\": \"AlternativeConsists object\", \"name\": \"alternative consists\"}}, {\"added\": {\"object\": \"AlternativeConsists object\", \"name\": \"alternative consists\"}}]"}}, {"model": "admin.logentry", "pk": 71, "fields": {"action_time": "2016-12-18T19:45:06.503Z", "user": 2, "content_type": 10, "object_id": "1", "object_repr": "\u0441\u043b\u0438\u0432\u043a\u0438 10% \u0432 \u0433\u0440\u0438\u0431\u043d\u043e\u0439 \u043a\u0440\u0435\u043c-\u0441\u0443\u043f \u043d\u0430 \u043a\u0440\u0430\u0445\u043c\u0430\u043b, \u043c\u043e\u043b\u043e\u043a\u043e", "action_flag": 1, "change_message": "[{\"added\": {}}]"}}, {"model": "admin.logentry", "pk": 72, "fields": {"action_time": "2016-12-18T20:54:15.578Z", "user": 2, "content_type": 1, "object_id": "8", "object_repr": "\u0432\u043e\u0442", "action_flag": 1, "change_message": "[{\"added\": {}}]"}}, {"model": "admin.logentry", "pk": 73, "fields": {"action_time": "2016-12-18T20:54:21.483Z", "user": 2, "content_type": 1, "object_id": "7", "object_repr": "\u0441\u043a\u043e\u0432\u043e\u0440\u043e\u0434\u0430", "action_flag": 2, "change_message": "[]"}}, {"model": "admin.logentry", "pk": 74, "fields": {"action_time": "2016-12-18T20:54:26.354Z", "user": 2, "content_type": 3, "object_id": "5", "object_repr": "\u0433\u0440\u0438\u0431\u043d\u043e\u0439 \u043a\u0440\u0435\u043c-\u0441\u0443\u043f", "action_flag": 2, "change_message": "[]"}}, {"model": "admin.logentry", "pk": 75, "fields": {"action_time": "2016-12-18T20:54:50.698Z", "user": 2, "content_type": 1, "object_id": "8", "object_repr": "\u0432\u043e\u043a", "action_flag": 2, "change_message": "[{\"changed\": {\"fields\": [\"equipment_name\"]}}]"}}, {"model": "admin.logentry", "pk": 76, "fields": {"action_time": "2016-12-18T20:54:58.090Z", "user": 2, "content_type": 1, "object_id": "8", "object_repr": "\u0432\u043e\u043a", "action_flag": 2, "change_message": "[]"}}, {"model": "admin.logentry", "pk": 77, "fields": {"action_time": "2016-12-18T20:58:21.399Z", "user": 2, "content_type": 8, "object_id": "15", "object_repr": "\u0430\u043b\u043a\u043e\u0433\u043e\u043b\u044c", "action_flag": 1, "change_message": "[{\"added\": {}}]"}}, {"model": "admin.logentry", "pk": 78, "fields": {"action_time": "2016-12-18T20:58:26.790Z", "user": 2, "content_type": 11, "object_id": "28", "object_repr": "\u0432\u0438\u043d\u043e \u043a\u0440\u0430\u0441\u043d\u043e\u0435", "action_flag": 1, "change_message": "[{\"added\": {}}]"}}, {"model": "admin.logentry", "pk": 79, "fields": {"action_time": "2016-12-18T20:58:48.513Z", "user": 2, "content_type": 11, "object_id": "29", "object_repr": "\u043a\u0443\u0440\u0438\u043d\u044b\u0439 \u0431\u0443\u043b\u044c\u043e\u043d", "action_flag": 1, "change_message": "[{\"added\": {}}]"}}, {"model": "admin.logentry", "pk": 80, "fields": {"action_time": "2016-12-18T20:59:20.507Z", "user": 2, "content_type": 11, "object_id": "30", "object_repr": "\u0442\u0438\u043c\u044c\u044f\u043d", "action_flag": 1, "change_message": "[{\"added\": {}}]"}}, {"model": "admin.logentry", "pk": 81, "fields": {"action_time": "2016-12-18T20:59:37.493Z", "user": 2, "content_type": 11, "object_id": "31", "object_repr": "\u043b\u0430\u0432\u0440\u043e\u0432\u044b\u0439 \u043b\u0438\u0441\u0442", "action_flag": 1, "change_message": "[{\"added\": {}}]"}}, {"model": "admin.logentry", "pk": 82, "fields": {"action_time": "2016-12-18T21:01:36.951Z", "user": 2, "content_type": 8, "object_id": "16", "object_repr": "\u0445\u043b\u0435\u0431\u043d\u044b\u0435 \u0438\u0437\u0434\u0435\u043b\u0438\u044f", "action_flag": 1, "change_message": "[{\"added\": {}}]"}}, {"model": "admin.logentry", "pk": 83, "fields": {"action_time": "2016-12-18T21:01:56.788Z", "user": 2, "content_type": 11, "object_id": "32", "object_repr": "\u0431\u0430\u0442\u043e\u043d", "action_flag": 1, "change_message": "[{\"added\": {}}]"}}, {"model": "admin.logentry", "pk": 84, "fields": {"action_time": "2016-12-18T21:02:47.082Z", "user": 2, "content_type": 11, "object_id": "33", "object_repr": "\u043f\u0430\u0440\u043c\u0435\u0437\u0430\u043d", "action_flag": 1, "change_message": "[{\"added\": {}}]"}}, {"model": "admin.logentry", "pk": 85, "fields": {"action_time": "2016-12-18T21:02:59.401Z", "user": 2, "content_type": 11, "object_id": "34", "object_repr": "\u043c\u043e\u0446\u0430\u0440\u0435\u043b\u0430", "action_flag": 1, "change_message": "[{\"added\": {}}]"}}, {"model": "admin.logentry", "pk": 86, "fields": {"action_time": "2016-12-18T21:04:47.162Z", "user": 2, "content_type": 1, "object_id": "9", "object_repr": "\u043c\u0438\u043a\u0440\u043e\u0432\u043e\u043b\u043d\u043e\u0432\u043a\u0430", "action_flag": 1, "change_message": "[{\"added\": {}}]"}}, {"model": "admin.logentry", "pk": 87, "fields": {"action_time": "2016-12-18T21:05:56.720Z", "user": 2, "content_type": 3, "object_id": "6", "object_repr": "\u0444\u0440\u0430\u043d\u0446\u0443\u0437\u0441\u043a\u0438\u0439 \u043b\u0443\u043a\u043e\u0432\u044b\u0439 \u0441\u0443\u043f", "action_flag": 1, "change_message": "[{\"added\": {}}, {\"added\": {\"object\": \"\\u043b\\u0443\\u043a \\u0432 \\u0444\\u0440\\u0430\\u043d\\u0446\\u0443\\u0437\\u0441\\u043a\\u0438\\u0439 \\u043b\\u0443\\u043a\\u043e\\u0432\\u044b\\u0439 \\u0441\\u0443\\u043f\", \"name\": \"consist\"}}, {\"added\": {\"object\": \"\\u043c\\u0430\\u0441\\u043b\\u043e \\u0441\\u043b\\u0438\\u0432\\u043e\\u0447\\u043d\\u043e\\u0435 \\u0432 \\u0444\\u0440\\u0430\\u043d\\u0446\\u0443\\u0437\\u0441\\u043a\\u0438\\u0439 \\u043b\\u0443\\u043a\\u043e\\u0432\\u044b\\u0439 \\u0441\\u0443\\u043f\", \"name\": \"consist\"}}, {\"added\": {\"object\": \"\\u0432\\u0438\\u043d\\u043e \\u043a\\u0440\\u0430\\u0441\\u043d\\u043e\\u0435 \\u0432 \\u0444\\u0440\\u0430\\u043d\\u0446\\u0443\\u0437\\u0441\\u043a\\u0438\\u0439 \\u043b\\u0443\\u043a\\u043e\\u0432\\u044b\\u0439 \\u0441\\u0443\\u043f\", \"name\": \"consist\"}}, {\"added\": {\"object\": \"\\u043a\\u0443\\u0440\\u0438\\u043d\\u044b\\u0439 \\u0431\\u0443\\u043b\\u044c\\u043e\\u043d \\u0432 \\u0444\\u0440\\u0430\\u043d\\u0446\\u0443\\u0437\\u0441\\u043a\\u0438\\u0439 \\u043b\\u0443\\u043a\\u043e\\u0432\\u044b\\u0439 \\u0441\\u0443\\u043f\", \"name\": \"consist\"}}, {\"added\": {\"object\": \"\\u0442\\u0438\\u043c\\u044c\\u044f\\u043d \\u0432 \\u0444\\u0440\\u0430\\u043d\\u0446\\u0443\\u0437\\u0441\\u043a\\u0438\\u0439 \\u043b\\u0443\\u043a\\u043e\\u0432\\u044b\\u0439 \\u0441\\u0443\\u043f\", \"name\": \"consist\"}}, {\"added\": {\"object\": \"\\u043b\\u0430\\u0432\\u0440\\u043e\\u0432\\u044b\\u0439 \\u043b\\u0438\\u0441\\u0442 \\u0432 \\u0444\\u0440\\u0430\\u043d\\u0446\\u0443\\u0437\\u0441\\u043a\\u0438\\u0439 \\u043b\\u0443\\u043a\\u043e\\u0432\\u044b\\u0439 \\u0441\\u0443\\u043f\", \"name\": \"consist\"}}, {\"added\": {\"object\": \"\\u0431\\u0430\\u0442\\u043e\\u043d \\u0432 \\u0444\\u0440\\u0430\\u043d\\u0446\\u0443\\u0437\\u0441\\u043a\\u0438\\u0439 \\u043b\\u0443\\u043a\\u043e\\u0432\\u044b\\u0439 \\u0441\\u0443\\u043f\", \"name\": \"consist\"}}, {\"added\": {\"object\": \"\\u043f\\u0430\\u0440\\u043c\\u0435\\u0437\\u0430\\u043d \\u0432 \\u0444\\u0440\\u0430\\u043d\\u0446\\u0443\\u0437\\u0441\\u043a\\u0438\\u0439 \\u043b\\u0443\\u043a\\u043e\\u0432\\u044b\\u0439 \\u0441\\u0443\\u043f\", \"name\": \"consist\"}}, {\"added\": {\"object\": \"\\u043c\\u043e\\u0446\\u0430\\u0440\\u0435\\u043b\\u0430 \\u0432 \\u0444\\u0440\\u0430\\u043d\\u0446\\u0443\\u0437\\u0441\\u043a\\u0438\\u0439 \\u043b\\u0443\\u043a\\u043e\\u0432\\u044b\\u0439 \\u0441\\u0443\\u043f\", \"name\": \"consist\"}}, {\"added\": {\"object\": \"Requires object\", \"name\": \"requires\"}}, {\"added\": {\"object\": \"Requires object\", \"name\": \"requires\"}}]"}}, {"model": "admin.logentry", "pk": 88, "fields": {"action_time": "2016-12-18T21:08:53.570Z", "user": 2, "content_type": 11, "object_id": "35", "object_repr": "\u0442\u0443\u0448\u0435\u043d\u043a\u0430", "action_flag": 1, "change_message": "[{\"added\": {}}]"}}, {"model": "admin.logentry", "pk": 89, "fields": {"action_time": "2016-12-18T21:11:26.094Z", "user": 2, "content_type": 11, "object_id": "36", "object_repr": "\u0442\u043e\u043c\u0430\u0442\u043d\u0430\u044f \u043f\u0430\u0441\u0442\u0430", "action_flag": 1, "change_message": "[{\"added\": {}}]"}}, {"model": "admin.logentry", "pk": 90, "fields": {"action_time": "2016-12-18T21:12:39.430Z", "user": 2, "content_type": 11, "object_id": "37", "object_repr": "\u0447\u0435\u0441\u043d\u043e\u043a", "action_flag": 1, "change_message": "[{\"added\": {}}]"}}, {"model": "admin.logentry", "pk": 91, "fields": {"action_time": "2016-12-18T21:15:09.297Z", "user": 2, "content_type": 3, "object_id": "7", "object_repr": "\u043a\u0430\u0440\u0442\u043e\u0448\u043a\u0430 \u0441 \u043c\u044f\u0441\u043e\u043c", "action_flag": 1, "change_message": "[{\"added\": {}}, {\"added\": {\"object\": \"\\u043a\\u0430\\u0440\\u0442\\u043e\\u0444\\u0435\\u043b\\u044c \\u0432 \\u043a\\u0430\\u0440\\u0442\\u043e\\u0448\\u043a\\u0430 \\u0441 \\u043c\\u044f\\u0441\\u043e\\u043c\", \"name\": \"consist\"}}, {\"added\": {\"object\": \"\\u043b\\u0443\\u043a \\u0432 \\u043a\\u0430\\u0440\\u0442\\u043e\\u0448\\u043a\\u0430 \\u0441 \\u043c\\u044f\\u0441\\u043e\\u043c\", \"name\": \"consist\"}}, {\"added\": {\"object\": \"\\u0442\\u0443\\u0448\\u0435\\u043d\\u043a\\u0430 \\u0432 \\u043a\\u0430\\u0440\\u0442\\u043e\\u0448\\u043a\\u0430 \\u0441 \\u043c\\u044f\\u0441\\u043e\\u043c\", \"name\": \"consist\"}}, {\"added\": {\"object\": \"\\u0442\\u043e\\u043c\\u0430\\u0442\\u043d\\u0430\\u044f \\u043f\\u0430\\u0441\\u0442\\u0430 \\u0432 \\u043a\\u0430\\u0440\\u0442\\u043e\\u0448\\u043a\\u0430 \\u0441 \\u043c\\u044f\\u0441\\u043e\\u043c\", \"name\": \"consist\"}}, {\"added\": {\"object\": \"\\u043c\\u0430\\u0441\\u043b\\u043e \\u0432 \\u043a\\u0430\\u0440\\u0442\\u043e\\u0448\\u043a\\u0430 \\u0441 \\u043c\\u044f\\u0441\\u043e\\u043c\", \"name\": \"consist\"}}, {\"added\": {\"object\": \"\\u0447\\u0435\\u0441\\u043d\\u043e\\u043a \\u0432 \\u043a\\u0430\\u0440\\u0442\\u043e\\u0448\\u043a\\u0430 \\u0441 \\u043c\\u044f\\u0441\\u043e\\u043c\", \"name\": \"consist\"}}, {\"added\": {\"object\": \"\\u043b\\u0430\\u0432\\u0440\\u043e\\u0432\\u044b\\u0439 \\u043b\\u0438\\u0441\\u0442 \\u0432 \\u043a\\u0430\\u0440\\u0442\\u043e\\u0448\\u043a\\u0430 \\u0441 \\u043c\\u044f\\u0441\\u043e\\u043c\", \"name\": \"consist\"}}, {\"added\": {\"object\": \"Requires object\", \"name\": \"requires\"}}]"}}, {"model": "admin.logentry", "pk": 92, "fields": {"action_time": "2016-12-18T21:17:38.245Z", "user": 2, "content_type": 11, "object_id": "38", "object_repr": "\u043c\u0430\u043a\u0430\u0440\u043e\u043d\u044b", "action_flag": 1, "change_message": "[{\"added\": {}}]"}}, {"model": "admin.logentry", "pk": 93, "fields": {"action_time": "2016-12-18T21:21:16.642Z", "user": 2, "content_type": 1, "object_id": "10", "object_repr": "\u0443\u0442\u044f\u0442\u043d\u0438\u0446\u0430", "action_flag": 1, "change_message": "[{\"added\": {}}]"}}, {"model": "admin.logentry", "pk": 94, "fields": {"action_time": "2016-12-18T21:28:14.971Z", "user": 2, "content_type": 3, "object_id": "8", "object_repr": "\u043c\u0430\u043a\u0430\u0440\u043e\u043d\u044b \u0441 \u0441\u044b\u0440\u043e\u043c", "action_flag": 1, "change_message": "[{\"added\": {}}, {\"added\": {\"object\": \"\\u043c\\u0430\\u043a\\u0430\\u0440\\u043e\\u043d\\u044b \\u0432 \\u043c\\u0430\\u043a\\u0430\\u0440\\u043e\\u043d\\u044b \\u0441 \\u0441\\u044b\\u0440\\u043e\\u043c\", \"name\": \"consist\"}}, {\"added\": {\"object\": \"\\u043c\\u0443\\u043a\\u0430 \\u0432 \\u043c\\u0430\\u043a\\u0430\\u0440\\u043e\\u043d\\u044b \\u0441 \\u0441\\u044b\\u0440\\u043e\\u043c\", \"name\": \"consist\"}}, {\"added\": {\"object\": \"\\u043c\\u0430\\u0441\\u043b\\u043e \\u0441\\u043b\\u0438\\u0432\\u043e\\u0447\\u043d\\u043e\\u0435 \\u0432 \\u043c\\u0430\\u043a\\u0430\\u0440\\u043e\\u043d\\u044b \\u0441 \\u0441\\u044b\\u0440\\u043e\\u043c\", \"name\": \"consist\"}}, {\"added\": {\"object\": \"\\u0441\\u044b\\u0440 \\u0432 \\u043c\\u0430\\u043a\\u0430\\u0440\\u043e\\u043d\\u044b \\u0441 \\u0441\\u044b\\u0440\\u043e\\u043c\", \"name\": \"consist\"}}, {\"added\": {\"object\": \"\\u043c\\u043e\\u043b\\u043e\\u043a\\u043e \\u0432 \\u043c\\u0430\\u043a\\u0430\\u0440\\u043e\\u043d\\u044b \\u0441 \\u0441\\u044b\\u0440\\u043e\\u043c\", \"name\": \"consist\"}}, {\"added\": {\"object\": \"Requires object\", \"name\": \"requires\"}}]"}}, {"model": "admin.logentry", "pk": 95, "fields": {"action_time": "2016-12-18T21:29:20.427Z", "user": 2, "content_type": 3, "object_id": "2", "object_repr": "\u043f\u043e\u043c\u0438\u0434\u043e\u0440 \u0437\u0430\u043f\u0435\u0447\u0435\u043d\u043d\u044b\u0439 \u0441 \u044f\u0439\u0446\u043e\u043c", "action_flag": 2, "change_message": "[{\"changed\": {\"fields\": [\"recipe_name\"]}}, {\"deleted\": {\"object\": \"\\u0441\\u043e\\u043b\\u044c \\u0432 \\u043f\\u043e\\u043c\\u0438\\u0434\\u043e\\u0440 \\u0437\\u0430\\u043f\\u0435\\u0447\\u0435\\u043d\\u043d\\u044b\\u0439 \\u0441 \\u044f\\u0439\\u0446\\u043e\\u043c\", \"name\": \"consist\"}}, {\"deleted\": {\"object\": \"\\u043f\\u0435\\u0440\\u0435\\u0446 \\u0432 \\u043f\\u043e\\u043c\\u0438\\u0434\\u043e\\u0440 \\u0437\\u0430\\u043f\\u0435\\u0447\\u0435\\u043d\\u043d\\u044b\\u0439 \\u0441 \\u044f\\u0439\\u0446\\u043e\\u043c\", \"name\": \"consist\"}}, {\"deleted\": {\"object\": \"Requires object\", \"name\": \"requires\"}}]"}}, {"model": "admin.logentry", "pk": 96, "fields": {"action_time": "2016-12-18T21:32:21.050Z", "user": 2, "content_type": 8, "object_id": "17", "object_repr": "\u0437\u0435\u043b\u0435\u043d\u044c", "action_flag": 1, "change_message": "[{\"added\": {}}]"}}, {"model": "admin.logentry", "pk": 97, "fields": {"action_time": "2016-12-18T21:32:24.727Z", "user": 2, "content_type": 11, "object_id": "39", "object_repr": "\u0443\u043a\u0440\u043e\u043f", "action_flag": 1, "change_message": "[{\"added\": {}}]"}}, {"model": "admin.logentry", "pk": 98, "fields": {"action_time": "2016-12-18T21:33:05.187Z", "user": 2, "content_type": 8, "object_id": "18", "object_repr": "\u043c\u0430\u0441\u043b\u043e", "action_flag": 1, "change_message": "[{\"added\": {}}]"}}, {"model": "admin.logentry", "pk": 99, "fields": {"action_time": "2016-12-18T21:33:09.341Z", "user": 2, "content_type": 11, "object_id": "19", "object_repr": "\u043c\u0430\u0441\u043b\u043e \u0440\u0430\u0441\u0442\u0438\u0442\u0435\u043b\u044c\u043d\u043e\u0435", "action_flag": 2, "change_message": "[{\"changed\": {\"fields\": [\"ingredient_category\", \"ingredient_name\"]}}]"}}, {"model": "admin.logentry", "pk": 100, "fields": {"action_time": "2016-12-18T21:40:20.801Z", "user": 2, "content_type": 11, "object_id": "40", "object_repr": "\u043f\u043e\u043b\u0438\u0440\u043e\u0432\u043e\u0447\u043d\u044b\u0435 \u0441\u0443\u0445\u0430\u0440\u0438", "action_flag": 1, "change_message": "[{\"added\": {}}]"}}, {"model": "admin.logentry", "pk": 101, "fields": {"action_time": "2016-12-18T21:52:30.368Z", "user": 2, "content_type": 3, "object_id": "9", "object_repr": "\u043a\u043e\u0442\u043b\u0435\u0442\u044b \u043f\u043e-\u043a\u0438\u0435\u0432\u0441\u043a\u0438", "action_flag": 1, "change_message": "[{\"added\": {}}, {\"added\": {\"object\": \"\\u0444\\u0438\\u043b\\u0435 \\u043a\\u0443\\u0440\\u0438\\u0446\\u044b \\u0432 \\u043a\\u043e\\u0442\\u043b\\u0435\\u0442\\u044b \\u043f\\u043e-\\u043a\\u0438\\u0435\\u0432\\u0441\\u043a\\u0438\", \"name\": \"consist\"}}, {\"added\": {\"object\": \"\\u043c\\u0430\\u0441\\u043b\\u043e \\u0441\\u043b\\u0438\\u0432\\u043e\\u0447\\u043d\\u043e\\u0435 \\u0432 \\u043a\\u043e\\u0442\\u043b\\u0435\\u0442\\u044b \\u043f\\u043e-\\u043a\\u0438\\u0435\\u0432\\u0441\\u043a\\u0438\", \"name\": \"consist\"}}, {\"added\": {\"object\": \"\\u0443\\u043a\\u0440\\u043e\\u043f \\u0432 \\u043a\\u043e\\u0442\\u043b\\u0435\\u0442\\u044b \\u043f\\u043e-\\u043a\\u0438\\u0435\\u0432\\u0441\\u043a\\u0438\", \"name\": \"consist\"}}, {\"added\": {\"object\": \"\\u043c\\u0443\\u043a\\u0430 \\u0432 \\u043a\\u043e\\u0442\\u043b\\u0435\\u0442\\u044b \\u043f\\u043e-\\u043a\\u0438\\u0435\\u0432\\u0441\\u043a\\u0438\", \"name\": \"consist\"}}, {\"added\": {\"object\": \"\\u044f\\u0439\\u0446\\u043e \\u043a\\u0443\\u0440\\u0438\\u043d\\u043e\\u0435 \\u0432 \\u043a\\u043e\\u0442\\u043b\\u0435\\u0442\\u044b \\u043f\\u043e-\\u043a\\u0438\\u0435\\u0432\\u0441\\u043a\\u0438\", \"name\": \"consist\"}}, {\"added\": {\"object\": \"\\u043c\\u0430\\u0441\\u043b\\u043e \\u0440\\u0430\\u0441\\u0442\\u0438\\u0442\\u0435\\u043b\\u044c\\u043d\\u043e\\u0435 \\u0432 \\u043a\\u043e\\u0442\\u043b\\u0435\\u0442\\u044b \\u043f\\u043e-\\u043a\\u0438\\u0435\\u0432\\u0441\\u043a\\u0438\", \"name\": \"consist\"}}, {\"added\": {\"object\": \"\\u043f\\u043e\\u043b\\u0438\\u0440\\u043e\\u0432\\u043e\\u0447\\u043d\\u044b\\u0435 \\u0441\\u0443\\u0445\\u0430\\u0440\\u0438 \\u0432 \\u043a\\u043e\\u0442\\u043b\\u0435\\u0442\\u044b \\u043f\\u043e-\\u043a\\u0438\\u0435\\u0432\\u0441\\u043a\\u0438\", \"name\": \"consist\"}}, {\"added\": {\"object\": \"Requires object\", \"name\": \"requires\"}}]"}}, {"model": "admin.logentry", "pk": 102, "fields": {"action_time": "2016-12-19T10:44:30.413Z", "user": 2, "content_type": 11, "object_id": "41", "object_repr": "\u0431\u0443\u0431\u043b\u0438\u043a\u0438", "action_flag": 1, "change_message": "[{\"added\": {}}]"}}, {"model": "admin.logentry", "pk": 103, "fields": {"action_time": "2016-12-19T10:44:44.166Z", "user": 2, "content_type": 3, "object_id": "4", "object_repr": "\u0431\u0443\u0431\u043b\u0438\u043a-\u0431\u0443\u0442\u0435\u0440", "action_flag": 2, "change_message": "[{\"added\": {\"object\": \"\\u0431\\u0443\\u0431\\u043b\\u0438\\u043a\\u0438 \\u0432 \\u0431\\u0443\\u0431\\u043b\\u0438\\u043a-\\u0431\\u0443\\u0442\\u0435\\u0440\", \"name\": \"consist\"}}]"}}, {"model": "admin.logentry", "pk": 104, "fields": {"action_time": "2016-12-19T10:46:09.498Z", "user": 2, "content_type": 11, "object_id": "42", "object_repr": "\u0431\u0435\u043a\u043e\u043d", "action_flag": 1, "change_message": "[{\"added\": {}}]"}}, {"model": "admin.logentry", "pk": 105, "fields": {"action_time": "2016-12-19T10:46:20.004Z", "user": 2, "content_type": 12, "object_id": "2", "object_repr": "\u0431\u0435\u043a\u043e\u043d", "action_flag": 1, "change_message": "[{\"added\": {}}, {\"added\": {\"object\": \"AlternativeConsists object\", \"name\": \"alternative consists\"}}]"}}, {"model": "admin.logentry", "pk": 106, "fields": {"action_time": "2016-12-19T10:46:29.492Z", "user": 2, "content_type": 10, "object_id": "2", "object_repr": "\u0441\u0430\u043b\u044f\u043c\u0438 \u0432 \u0431\u0443\u0431\u043b\u0438\u043a-\u0431\u0443\u0442\u0435\u0440 \u043d\u0430 \u0431\u0435\u043a\u043e\u043d", "action_flag": 1, "change_message": "[{\"added\": {}}]"}}, {"model": "admin.logentry", "pk": 107, "fields": {"action_time": "2016-12-19T10:46:55.474Z", "user": 2, "content_type": 11, "object_id": "43", "object_repr": "\u0432\u0435\u0442\u0447\u0438\u043d\u0430", "action_flag": 1, "change_message": "[{\"added\": {}}]"}}, {"model": "admin.logentry", "pk": 108, "fields": {"action_time": "2016-12-19T10:47:03.989Z", "user": 2, "content_type": 12, "object_id": "3", "object_repr": "\u0432\u0435\u0442\u0447\u0438\u043d\u0430", "action_flag": 1, "change_message": "[{\"added\": {}}, {\"added\": {\"object\": \"AlternativeConsists object\", \"name\": \"alternative consists\"}}]"}}, {"model": "admin.logentry", "pk": 109, "fields": {"action_time": "2016-12-19T10:47:10.138Z", "user": 2, "content_type": 10, "object_id": "3", "object_repr": "\u0441\u0430\u043b\u044f\u043c\u0438 \u0432 \u0431\u0443\u0431\u043b\u0438\u043a-\u0431\u0443\u0442\u0435\u0440 \u043d\u0430 \u0432\u0435\u0442\u0447\u0438\u043d\u0430", "action_flag": 1, "change_message": "[{\"added\": {}}]"}}, {"model": "admin.logentry", "pk": 110, "fields": {"action_time": "2016-12-19T10:48:31.043Z", "user": 2, "content_type": 6, "object_id": "4", "object_repr": "\u0434\u0435\u0448\u0435\u0432\u043e \u0438 \u0441\u044b\u0442\u043d\u043e", "action_flag": 1, "change_message": "[{\"added\": {}}]"}}, {"model": "admin.logentry", "pk": 111, "fields": {"action_time": "2016-12-19T10:48:55.628Z", "user": 2, "content_type": 6, "object_id": "5", "object_repr": "\u043d\u0435\u043f\u0440\u043e\u0441\u0442\u044b\u0435 \u0440\u0435\u0446\u0435\u043f\u0442\u044b", "action_flag": 1, "change_message": "[{\"added\": {}}]"}}, {"model": "admin.logentry", "pk": 112, "fields": {"action_time": "2016-12-19T10:52:04.424Z", "user": 2, "content_type": 1, "object_id": "11", "object_repr": "\u0441\u043e\u0442\u0435\u0439\u043d\u0438\u043a", "action_flag": 1, "change_message": "[{\"added\": {}}]"}}, {"model": "admin.logentry", "pk": 113, "fields": {"action_time": "2016-12-19T10:52:23.838Z", "user": 2, "content_type": 1, "object_id": "12", "object_repr": "\u0432\u0438\u043b\u043a\u0430", "action_flag": 1, "change_message": "[{\"added\": {}}]"}}, {"model": "admin.logentry", "pk": 114, "fields": {"action_time": "2016-12-19T10:52:25.374Z", "user": 2, "content_type": 1, "object_id": "13", "object_repr": "\u0432\u0435\u043d\u0447\u0438\u043a", "action_flag": 1, "change_message": "[{\"added\": {}}]"}}, {"model": "admin.logentry", "pk": 115, "fields": {"action_time": "2016-12-19T10:53:15.049Z", "user": 2, "content_type": 1, "object_id": "14", "object_repr": "\u0442\u0435\u0440\u043a\u0430", "action_flag": 1, "change_message": "[{\"added\": {}}]"}}, {"model": "admin.logentry", "pk": 116, "fields": {"action_time": "2016-12-19T10:53:32.819Z", "user": 2, "content_type": 1, "object_id": "15", "object_repr": "\u0447\u0430\u0439\u043d\u0430\u044f \u043b\u043e\u0436\u043a\u0430", "action_flag": 1, "change_message": "[{\"added\": {}}]"}}, {"model": "admin.logentry", "pk": 117, "fields": {"action_time": "2016-12-19T10:54:21.631Z", "user": 2, "content_type": 11, "object_id": "44", "object_repr": "\u043c\u0443\u0441\u043a\u0430\u0442\u043d\u044b\u0439 \u043e\u0440\u0435\u0445", "action_flag": 1, "change_message": "[{\"added\": {}}]"}}, {"model": "admin.logentry", "pk": 118, "fields": {"action_time": "2016-12-19T10:57:02.516Z", "user": 2, "content_type": 3, "object_id": "10", "object_repr": "\u0441\u043e\u0443\u0441 \u0431\u0435\u0448\u0430\u043c\u0435\u043b\u044c", "action_flag": 1, "change_message": "[{\"added\": {}}, {\"added\": {\"object\": \"\\u0441\\u043e\\u043b\\u044c \\u0432 \\u0441\\u043e\\u0443\\u0441 \\u0431\\u0435\\u0448\\u0430\\u043c\\u0435\\u043b\\u044c\", \"name\": \"consist\"}}, {\"added\": {\"object\": \"\\u043f\\u0435\\u0440\\u0435\\u0446 \\u0432 \\u0441\\u043e\\u0443\\u0441 \\u0431\\u0435\\u0448\\u0430\\u043c\\u0435\\u043b\\u044c\", \"name\": \"consist\"}}, {\"added\": {\"object\": \"\\u043c\\u0443\\u043a\\u0430 \\u0432 \\u0441\\u043e\\u0443\\u0441 \\u0431\\u0435\\u0448\\u0430\\u043c\\u0435\\u043b\\u044c\", \"name\": \"consist\"}}, {\"added\": {\"object\": \"\\u043c\\u0443\\u0441\\u043a\\u0430\\u0442\\u043d\\u044b\\u0439 \\u043e\\u0440\\u0435\\u0445 \\u0432 \\u0441\\u043e\\u0443\\u0441 \\u0431\\u0435\\u0448\\u0430\\u043c\\u0435\\u043b\\u044c\", \"name\": \"consist\"}}, {\"added\": {\"object\": \"\\u043c\\u0430\\u0441\\u043b\\u043e \\u0441\\u043b\\u0438\\u0432\\u043e\\u0447\\u043d\\u043e\\u0435 \\u0432 \\u0441\\u043e\\u0443\\u0441 \\u0431\\u0435\\u0448\\u0430\\u043c\\u0435\\u043b\\u044c\", \"name\": \"consist\"}}, {\"added\": {\"object\": \"\\u043c\\u043e\\u043b\\u043e\\u043a\\u043e \\u0432 \\u0441\\u043e\\u0443\\u0441 \\u0431\\u0435\\u0448\\u0430\\u043c\\u0435\\u043b\\u044c\", \"name\": \"consist\"}}, {\"added\": {\"object\": \"Requires object\", \"name\": \"requires\"}}, {\"added\": {\"object\": \"Requires object\", \"name\": \"requires\"}}, {\"added\": {\"object\": \"Requires object\", \"name\": \"requires\"}}, {\"added\": {\"object\": \"Requires object\", \"name\": \"requires\"}}, {\"added\": {\"object\": \"Requires object\", \"name\": \"requires\"}}]"}}, {"model": "admin.logentry", "pk": 119, "fields": {"action_time": "2016-12-19T10:58:08.336Z", "user": 2, "content_type": 12, "object_id": "4", "object_repr": "\u0432\u043e\u0434\u0430, \u0441\u043b\u0438\u0432\u043a\u0438", "action_flag": 1, "change_message": "[{\"added\": {}}, {\"added\": {\"object\": \"AlternativeConsists object\", \"name\": \"alternative consists\"}}, {\"added\": {\"object\": \"AlternativeConsists object\", \"name\": \"alternative consists\"}}]"}}, {"model": "admin.logentry", "pk": 120, "fields": {"action_time": "2016-12-19T10:58:14.627Z", "user": 2, "content_type": 10, "object_id": "4", "object_repr": "\u043c\u043e\u043b\u043e\u043a\u043e \u0432 \u0441\u043e\u0443\u0441 \u0431\u0435\u0448\u0430\u043c\u0435\u043b\u044c \u043d\u0430 \u0432\u043e\u0434\u0430, \u0441\u043b\u0438\u0432\u043a\u0438", "action_flag": 1, "change_message": "[{\"added\": {}}]"}}, {"model": "admin.logentry", "pk": 121, "fields": {"action_time": "2016-12-19T10:59:40.565Z", "user": 2, "content_type": 1, "object_id": "16", "object_repr": "\u043e\u0442\u0431\u0438\u0432\u043d\u043e\u0439 \u043c\u043e\u043b\u043e\u0442\u043e\u043a", "action_flag": 1, "change_message": "[{\"added\": {}}]"}}, {"model": "admin.logentry", "pk": 122, "fields": {"action_time": "2016-12-19T10:59:41.861Z", "user": 2, "content_type": 1, "object_id": "17", "object_repr": "\u0441\u043a\u0430\u043b\u043a\u0430", "action_flag": 1, "change_message": "[{\"added\": {}}]"}}, {"model": "admin.logentry", "pk": 123, "fields": {"action_time": "2016-12-19T11:00:03.633Z", "user": 2, "content_type": 3, "object_id": "9", "object_repr": "\u043a\u043e\u0442\u043b\u0435\u0442\u044b \u043f\u043e-\u043a\u0438\u0435\u0432\u0441\u043a\u0438", "action_flag": 2, "change_message": "[{\"added\": {\"object\": \"Requires object\", \"name\": \"requires\"}}]"}}, {"model": "admin.logentry", "pk": 124, "fields": {"action_time": "2016-12-19T11:01:09.116Z", "user": 2, "content_type": 1, "object_id": "18", "object_repr": "\u043b\u043e\u043f\u0430\u0442\u043a\u0430", "action_flag": 1, "change_message": "[{\"added\": {}}]"}}, {"model": "admin.logentry", "pk": 125, "fields": {"action_time": "2016-12-19T11:01:51.511Z", "user": 2, "content_type": 11, "object_id": "45", "object_repr": "\u0441\u0432\u0438\u043d\u0438\u043d\u0430", "action_flag": 1, "change_message": "[{\"added\": {}}]"}}, {"model": "admin.logentry", "pk": 126, "fields": {"action_time": "2016-12-19T11:02:10.049Z", "user": 2, "content_type": 11, "object_id": "46", "object_repr": "\u043c\u0430\u0441\u043b\u043e \u043e\u043b\u0438\u0432\u043a\u043e\u0432\u043e\u0435", "action_flag": 1, "change_message": "[{\"added\": {}}]"}}, {"model": "admin.logentry", "pk": 127, "fields": {"action_time": "2016-12-19T11:02:24.618Z", "user": 2, "content_type": 11, "object_id": "47", "object_repr": "\u0440\u043e\u0437\u043c\u0430\u0440\u0438\u043d", "action_flag": 1, "change_message": "[{\"added\": {}}]"}}, {"model": "admin.logentry", "pk": 128, "fields": {"action_time": "2016-12-19T11:04:04.271Z", "user": 2, "content_type": 3, "object_id": "11", "object_repr": "\u0441\u0432\u0438\u043d\u0430\u044f \u043e\u0442\u0431\u0438\u0432\u043d\u0430\u044f", "action_flag": 1, "change_message": "[{\"added\": {}}, {\"added\": {\"object\": \"\\u0441\\u0432\\u0438\\u043d\\u0438\\u043d\\u0430 \\u0432 \\u0441\\u0432\\u0438\\u043d\\u0430\\u044f \\u043e\\u0442\\u0431\\u0438\\u0432\\u043d\\u0430\\u044f\", \"name\": \"consist\"}}, {\"added\": {\"object\": \"\\u043c\\u0430\\u0441\\u043b\\u043e \\u043e\\u043b\\u0438\\u0432\\u043a\\u043e\\u0432\\u043e\\u0435 \\u0432 \\u0441\\u0432\\u0438\\u043d\\u0430\\u044f \\u043e\\u0442\\u0431\\u0438\\u0432\\u043d\\u0430\\u044f\", \"name\": \"consist\"}}, {\"added\": {\"object\": \"\\u0440\\u043e\\u0437\\u043c\\u0430\\u0440\\u0438\\u043d \\u0432 \\u0441\\u0432\\u0438\\u043d\\u0430\\u044f \\u043e\\u0442\\u0431\\u0438\\u0432\\u043d\\u0430\\u044f\", \"name\": \"consist\"}}, {\"added\": {\"object\": \"\\u0447\\u0435\\u0441\\u043d\\u043e\\u043a \\u0432 \\u0441\\u0432\\u0438\\u043d\\u0430\\u044f \\u043e\\u0442\\u0431\\u0438\\u0432\\u043d\\u0430\\u044f\", \"name\": \"consist\"}}, {\"added\": {\"object\": \"Requires object\", \"name\": \"requires\"}}, {\"added\": {\"object\": \"Requires object\", \"name\": \"requires\"}}, {\"added\": {\"object\": \"Requires object\", \"name\": \"requires\"}}, {\"added\": {\"object\": \"Requires object\", \"name\": \"requires\"}}, {\"added\": {\"object\": \"Requires object\", \"name\": \"requires\"}}]"}}, {"model": "admin.logentry", "pk": 129, "fields": {"action_time": "2016-12-19T11:04:47.388Z", "user": 2, "content_type": 11, "object_id": "48", "object_repr": "\u0441\u0443\u0448\u0451\u043d\u044b\u0439 \u0447\u0435\u0441\u043d\u043e\u043a", "action_flag": 1, "change_message": "[{\"added\": {}}]"}}, {"model": "admin.logentry", "pk": 130, "fields": {"action_time": "2016-12-19T11:05:03.548Z", "user": 2, "content_type": 12, "object_id": "5", "object_repr": "\u0441\u0443\u0448\u0451\u043d\u044b\u0439 \u0447\u0435\u0441\u043d\u043e\u043a", "action_flag": 1, "change_message": "[{\"added\": {}}, {\"added\": {\"object\": \"AlternativeConsists object\", \"name\": \"alternative consists\"}}]"}}, {"model": "admin.logentry", "pk": 131, "fields": {"action_time": "2016-12-19T11:05:09.514Z", "user": 2, "content_type": 10, "object_id": "5", "object_repr": "\u0447\u0435\u0441\u043d\u043e\u043a \u0432 \u0441\u0432\u0438\u043d\u0430\u044f \u043e\u0442\u0431\u0438\u0432\u043d\u0430\u044f \u043d\u0430 \u0441\u0443\u0448\u0451\u043d\u044b\u0439 \u0447\u0435\u0441\u043d\u043e\u043a", "action_flag": 1, "change_message": "[{\"added\": {}}]"}}, {"model": "admin.logentry", "pk": 132, "fields": {"action_time": "2016-12-19T11:08:14.285Z", "user": 2, "content_type": 11, "object_id": "49", "object_repr": "\u0433\u043e\u0432\u044f\u0436\u0438\u0439 \u0441\u0442\u0435\u0439\u043a \u0440\u0438\u0431\u0430\u0439", "action_flag": 1, "change_message": "[{\"added\": {}}]"}}, {"model": "admin.logentry", "pk": 133, "fields": {"action_time": "2016-12-19T11:08:55.465Z", "user": 2, "content_type": 1, "object_id": "19", "object_repr": "\u0442\u0430\u0440\u0435\u043b\u043a\u0430", "action_flag": 1, "change_message": "[{\"added\": {}}]"}}, {"model": "admin.logentry", "pk": 134, "fields": {"action_time": "2016-12-19T11:09:38.430Z", "user": 2, "content_type": 1, "object_id": "20", "object_repr": "\u043a\u0443\u043b\u0438\u043d\u0430\u0440\u043d\u044b\u0435 \u0449\u0438\u043f\u0446\u044b", "action_flag": 1, "change_message": "[{\"added\": {}}]"}}, {"model": "admin.logentry", "pk": 135, "fields": {"action_time": "2016-12-19T11:09:49.919Z", "user": 2, "content_type": 3, "object_id": "12", "object_repr": "\u0441\u0442\u0435\u0439\u043a", "action_flag": 1, "change_message": "[{\"added\": {}}, {\"added\": {\"object\": \"\\u0433\\u043e\\u0432\\u044f\\u0436\\u0438\\u0439 \\u0441\\u0442\\u0435\\u0439\\u043a \\u0440\\u0438\\u0431\\u0430\\u0439 \\u0432 \\u0441\\u0442\\u0435\\u0439\\u043a\", \"name\": \"consist\"}}, {\"added\": {\"object\": \"\\u043c\\u0430\\u0441\\u043b\\u043e \\u043e\\u043b\\u0438\\u0432\\u043a\\u043e\\u0432\\u043e\\u0435 \\u0432 \\u0441\\u0442\\u0435\\u0439\\u043a\", \"name\": \"consist\"}}, {\"added\": {\"object\": \"Requires object\", \"name\": \"requires\"}}, {\"added\": {\"object\": \"Requires object\", \"name\": \"requires\"}}, {\"added\": {\"object\": \"Requires object\", \"name\": \"requires\"}}]"}}, {"model": "admin.logentry", "pk": 136, "fields": {"action_time": "2016-12-19T11:12:21.566Z", "user": 2, "content_type": 1, "object_id": "21", "object_repr": "\u043c\u0438\u0441\u043a\u0430", "action_flag": 1, "change_message": "[{\"added\": {}}]"}}, {"model": "admin.logentry", "pk": 137, "fields": {"action_time": "2016-12-19T11:12:39.787Z", "user": 2, "content_type": 1, "object_id": "22", "object_repr": "\u043f\u043e\u043b\u043e\u0432\u043d\u0438\u043a", "action_flag": 1, "change_message": "[{\"added\": {}}]"}}, {"model": "admin.logentry", "pk": 138, "fields": {"action_time": "2016-12-19T11:12:57.876Z", "user": 2, "content_type": 1, "object_id": "23", "object_repr": "\u0431\u043b\u0438\u043d\u043d\u0430\u044f \u0441\u043a\u043e\u0432\u043e\u0440\u043e\u0434\u0430", "action_flag": 1, "change_message": "[{\"added\": {}}]"}}, {"model": "admin.logentry", "pk": 139, "fields": {"action_time": "2016-12-19T11:13:26.806Z", "user": 2, "content_type": 1, "object_id": "24", "object_repr": "\u0441\u0438\u0442\u043e", "action_flag": 1, "change_message": "[{\"added\": {}}]"}}, {"model": "admin.logentry", "pk": 140, "fields": {"action_time": "2016-12-19T11:13:46.810Z", "user": 2, "content_type": 1, "object_id": "25", "object_repr": "\u043c\u0438\u043a\u0441\u0435\u0440", "action_flag": 1, "change_message": "[{\"added\": {}}]"}}, {"model": "admin.logentry", "pk": 141, "fields": {"action_time": "2016-12-19T11:13:47.911Z", "user": 2, "content_type": 1, "object_id": "13", "object_repr": "\u0432\u0435\u043d\u0447\u0438\u043a", "action_flag": 2, "change_message": "[]"}}, {"model": "admin.logentry", "pk": 142, "fields": {"action_time": "2016-12-19T11:16:21.498Z", "user": 2, "content_type": 3, "object_id": "13", "object_repr": "\u0431\u043b\u0438\u043d\u044b", "action_flag": 1, "change_message": "[{\"added\": {}}, {\"added\": {\"object\": \"\\u043c\\u043e\\u043b\\u043e\\u043a\\u043e \\u0432 \\u0431\\u043b\\u0438\\u043d\\u044b\", \"name\": \"consist\"}}, {\"added\": {\"object\": \"\\u0441\\u043e\\u043b\\u044c \\u0432 \\u0431\\u043b\\u0438\\u043d\\u044b\", \"name\": \"consist\"}}, {\"added\": {\"object\": \"\\u0441\\u0430\\u0445\\u0430\\u0440 \\u0432 \\u0431\\u043b\\u0438\\u043d\\u044b\", \"name\": \"consist\"}}, {\"added\": {\"object\": \"\\u043c\\u0430\\u0441\\u043b\\u043e \\u0440\\u0430\\u0441\\u0442\\u0438\\u0442\\u0435\\u043b\\u044c\\u043d\\u043e\\u0435 \\u0432 \\u0431\\u043b\\u0438\\u043d\\u044b\", \"name\": \"consist\"}}, {\"added\": {\"object\": \"\\u044f\\u0439\\u0446\\u043e \\u043a\\u0443\\u0440\\u0438\\u043d\\u043e\\u0435 \\u0432 \\u0431\\u043b\\u0438\\u043d\\u044b\", \"name\": \"consist\"}}, {\"added\": {\"object\": \"\\u043c\\u0443\\u043a\\u0430 \\u0432 \\u0431\\u043b\\u0438\\u043d\\u044b\", \"name\": \"consist\"}}, {\"added\": {\"object\": \"Requires object\", \"name\": \"requires\"}}, {\"added\": {\"object\": \"Requires object\", \"name\": \"requires\"}}, {\"added\": {\"object\": \"Requires object\", \"name\": \"requires\"}}, {\"added\": {\"object\": \"Requires object\", \"name\": \"requires\"}}, {\"added\": {\"object\": \"Requires object\", \"name\": \"requires\"}}, {\"added\": {\"object\": \"Requires object\", \"name\": \"requires\"}}, {\"added\": {\"object\": \"Requires object\", \"name\": \"requires\"}}]"}}, {"model": "admin.logentry", "pk": 143, "fields": {"action_time": "2016-12-19T11:16:43.313Z", "user": 2, "content_type": 6, "object_id": "1", "object_repr": "\u043a \u0437\u0430\u0432\u0442\u0440\u0430\u043a\u0443", "action_flag": 2, "change_message": "[]"}}, {"model": "admin.logentry", "pk": 144, "fields": {"action_time": "2016-12-19T11:17:09.588Z", "user": 2, "content_type": 6, "object_id": "6", "object_repr": "\u043c\u044f\u0441\u043d\u044b\u0435 \u0431\u043b\u044e\u0434\u0430", "action_flag": 1, "change_message": "[{\"added\": {}}]"}}, {"model": "admin.logentry", "pk": 145, "fields": {"action_time": "2016-12-19T11:20:32.114Z", "user": 2, "content_type": 11, "object_id": "50", "object_repr": "\u0441\u043b\u0438\u0432\u043a\u0438 \u0441\u0443\u0445\u0438\u0435", "action_flag": 1, "change_message": "[{\"added\": {}}]"}}, {"model": "admin.logentry", "pk": 146, "fields": {"action_time": "2016-12-19T11:20:48.429Z", "user": 2, "content_type": 3, "object_id": "1", "object_repr": "\u043a\u043e\u0444\u0435 \u0441\u043e \u0441\u043b\u0438\u0432\u043a\u0430\u043c\u0438", "action_flag": 2, "change_message": "[{\"changed\": {\"fields\": [\"recipe_link\"]}}, {\"changed\": {\"fields\": [\"ingredient\", \"quantity\"], \"object\": \"\\u0441\\u043b\\u0438\\u0432\\u043a\\u0438 \\u0441\\u0443\\u0445\\u0438\\u0435 \\u0432 \\u043a\\u043e\\u0444\\u0435 \\u0441\\u043e \\u0441\\u043b\\u0438\\u0432\\u043a\\u0430\\u043c\\u0438\", \"name\": \"consist\"}}, {\"deleted\": {\"object\": \"\\u043a\\u043e\\u0440\\u0438\\u0446\\u0430 \\u0432 \\u043a\\u043e\\u0444\\u0435 \\u0441\\u043e \\u0441\\u043b\\u0438\\u0432\\u043a\\u0430\\u043c\\u0438\", \"name\": \"consist\"}}]"}}, {"model": "admin.logentry", "pk": 147, "fields": {"action_time": "2016-12-19T11:21:48.626Z", "user": 2, "content_type": 12, "object_id": "6", "object_repr": "\u0441\u043b\u0438\u0432\u043a\u0438", "action_flag": 1, "change_message": "[{\"added\": {}}, {\"added\": {\"object\": \"AlternativeConsists object\", \"name\": \"alternative consists\"}}]"}}, {"model": "admin.logentry", "pk": 148, "fields": {"action_time": "2016-12-19T11:21:54.905Z", "user": 2, "content_type": 10, "object_id": "6", "object_repr": "\u0441\u043b\u0438\u0432\u043a\u0438 \u0441\u0443\u0445\u0438\u0435 \u0432 \u043a\u043e\u0444\u0435 \u0441\u043e \u0441\u043b\u0438\u0432\u043a\u0430\u043c\u0438 \u043d\u0430 \u0441\u043b\u0438\u0432\u043a\u0438", "action_flag": 1, "change_message": "[{\"added\": {}}]"}}, {"model": "admin.logentry", "pk": 149, "fields": {"action_time": "2016-12-19T11:29:39.736Z", "user": 2, "content_type": 6, "object_id": "3", "object_repr": "\u0441\u0443\u043f\u044b", "action_flag": 2, "change_message": "[]"}}, {"model": "admin.logentry", "pk": 150, "fields": {"action_time": "2016-12-19T11:29:48.924Z", "user": 2, "content_type": 6, "object_id": "7", "object_repr": "\u0441\u043e\u0443\u0441\u044b", "action_flag": 1, "change_message": "[{\"added\": {}}]"}}, {"model": "rcps.grade", "pk": 1, "fields": {"grade_stars": 4, "grade_favorite": true, "grader": 1, "grade_recipe": 1}}, {"model": "rcps.grade", "pk": 2, "fields": {"grade_stars": 1, "grade_favorite": false, "grader": 1, "grade_recipe": 2}}, {"model": "rcps.grade", "pk": 3, "fields": {"grade_stars": 4, "grade_favorite": true, "grader": 1, "grade_recipe": 9}}, {"model": "rcps.grade", "pk": 4, "fields": {"grade_stars": 5, "grade_favorite": true, "grader": 1, "grade_recipe": 7}}, {"model": "rcps.grade", "pk": 5, "fields": {"grade_stars": 2, "grade_favorite": false, "grader": 1, "grade_recipe": 11}}, {"model": "rcps.grade", "pk": 6, "fields": {"grade_stars": 4, "grade_favorite": false, "grader": 1, "grade_recipe": 12}}, {"model": "rcps.grade", "pk": 7, "fields": {"grade_stars": 2, "grade_favorite": false, "grader": 1, "grade_recipe": 8}}, {"model": "rcps.grade", "pk": 8, "fields": {"grade_stars": 3, "grade_favorite": false, "grader": 1, "grade_recipe": 3}}, {"model": "rcps.grade", "pk": 9, "fields": {"grade_stars": 5, "grade_favorite": true, "grader": 1, "grade_recipe": 4}}, {"model": "rcps.grade", "pk": 10, "fields": {"grade_stars": 4, "grade_favorite": false, "grader": 1, "grade_recipe": 5}}, {"model": "rcps.grade", "pk": 11, "fields": {"grade_stars": 5, "grade_favorite": false, "grader": 1, "grade_recipe": 6}}, {"model": "rcps.grade", "pk": 12, "fields": {"grade_stars": 4, "grade_favorite": false, "grader": 3, "grade_recipe": 8}}, {"model": "rcps.grade", "pk": 13, "fields": {"grade_stars": 4, "grade_favorite": false, "grader": 3, "grade_recipe": 10}}, {"model": "rcps.grade", "pk": 14, "fields": {"grade_stars": 5, "grade_favorite": false, "grader": 3, "grade_recipe": 11}}, {"model": "rcps.grade", "pk": 15, "fields": {"grade_stars": 4, "grade_favorite": false, "grader": 3, "grade_recipe": 2}}, {"model": "rcps.grade", "pk": 16, "fields": {"grade_stars": null, "grade_favorite": true, "grader": 3, "grade_recipe": 5}}, {"model": "rcps.grade", "pk": 17, "fields": {"grade_stars": 4, "grade_favorite": false, "grader": 4, "grade_recipe": 7}}, {"model": "rcps.grade", "pk": 18, "fields": {"grade_stars": 3, "grade_favorite": true, "grader": 4, "grade_recipe": 4}}, {"model": "rcps.grade", "pk": 19, "fields": {"grade_stars": 4, "grade_favorite": false, "grader": 4, "grade_recipe": 6}}, {"model": "rcps.grade", "pk": 20, "fields": {"grade_stars": 5, "grade_favorite": false, "grader": 4, "grade_recipe": 1}}, {"model": "rcps.grade", "pk": 21, "fields": {"grade_stars": 3, "grade_favorite": false, "grader": 4, "grade_recipe": 5}}, {"model": "rcps.grade", "pk": 22, "fields": {"grade_stars": 2, "grade_favorite": false, "grader": 4, "grade_recipe": 10}}, {"model": "rcps.grade", "pk": 23, "fields": {"grade_stars": 5, "grade_favorite": true, "grader": 4, "grade_recipe": 9}}, {"model": "rcps.grade", "pk": 24, "fields": {"grade_stars": 5, "grade_favorite": true, "grader": 4, "grade_recipe": 12}}, {"model": "rcps.grade", "pk": 25, "fields": {"grade_stars": 2, "grade_favorite": false, "grader": 4, "grade_recipe": 11}}, {"model": "rcps.grade", "pk": 26, "fields": {"grade_stars": 1, "grade_favorite": false, "grader": 4, "grade_recipe": 8}}, {"model": "rcps.grade", "pk": 27, "fields": {"grade_stars": 2, "grade_favorite": false, "grader": 4, "grade_recipe": 3}}, {"model": "rcps.grade", "pk": 28, "fields": {"grade_stars": 4, "grade_favorite": false, "grader": 4, "grade_recipe": 2}}, {"model": "rcps.grade", "pk": 29, "fields": {"grade_stars": 4, "grade_favorite": true, "grader": 4, "grade_recipe": 13}}, {"model": "rcps.comment", "pk": 1, "fields": {"comment_author": 1, "comment_recipe": 7, "comment_text": "\u0435\u0449\u0435 \u0441 \u043c\u0430\u043a\u0430\u0440\u043e\u043d\u0430\u043c\u0438 \u0432\u043c\u0435\u0441\u0442\u043e \u043a\u0430\u0440\u0442\u043e\u0448\u043a\u0438 \u0432\u043a\u0443\u0441\u043d\u043e", "comment_date": "2016-12-19T11:26:01.223Z"}}, {"model": "rcps.comment", "pk": 2, "fields": {"comment_author": 1, "comment_recipe": 7, "comment_text": "<span style=\"background-color: rgb(255, 0, 0);\">\u043d\u043e \u044d\u0442\u043e \u0443\u0436\u0435 \u043d\u0435 \u043a\u0430\u0440\u0442\u043e\u0448\u043a\u0430 \u0441 \u043c\u044f\u0441\u043e\u043c, \u0430 \u043c\u0430\u043a\u0430\u0440\u043e\u043d\u044b \u0441 \u043c\u044f\u0441\u043e\u043c</span>", "comment_date": "2016-12-19T11:26:53.661Z"}}, {"model": "rcps.comment", "pk": 3, "fields": {"comment_author": 1, "comment_recipe": 2, "comment_text": "\u043a\u0430\u043a\u043e\u0439-\u0442\u043e \u0441\u043a\u0443\u0447\u043d\u044b\u0439 \u0440\u0435\u0446\u0435\u043f\u0442", "comment_date": "2016-12-19T11:27:56.433Z"}}, {"model": "rcps.comment", "pk": 4, "fields": {"comment_author": 1, "comment_recipe": 4, "comment_text": "\u043e\u0442\u043b\u0438\u0447\u043d\u0430\u044f \u0438\u0434\u0435\u044f!", "comment_date": "2016-12-19T11:28:53.066Z"}}, {"model": "rcps.comment", "pk": 5, "fields": {"comment_author": 3, "comment_recipe": 5, "comment_text": "\u0432\u043a\u0443\u0441\u043d\u043e", "comment_date": "2016-12-19T11:58:59.650Z"}}, {"model": "rcps.comment", "pk": 6, "fields": {"comment_author": 3, "comment_recipe": 4, "comment_text": "\u043d\u0430\u0434\u043e \u043f\u043e\u043f\u0440\u043e\u0431\u043e\u0432\u0430\u0442\u044c", "comment_date": "2016-12-19T11:59:16.849Z"}}, {"model": "rcps.comment", "pk": 7, "fields": {"comment_author": 4, "comment_recipe": 4, "comment_text": "c\u0441\u043e\u0433\u043b\u0430\u0448\u0443\u0441\u044c", "comment_date": "2016-12-19T12:01:46.742Z"}}]